1412842311;1;2012;Bereit
1412842314;1;2016;Störung
1412959251;1;2016;Störung
1412959323;1;2012;Bereit
1412959324;1;2016;Störung
1412963028;1;2016;Störung
1412963153;1;2012;Bereit
1412963154;1;2016;Störung
1412964058;1;2012;Bereit
1412964059;1;2016;Störung
1412964345;1;2012;Bereit
1412964347;1;2016;Störung
1412964455;1;2012;Bereit
1412964457;1;2016;Störung
1412964716;1;2012;Bereit
1412964718;1;2016;Störung
1412964931;1;2012;Bereit
1412965445;1;2012;Bereit
1412967466;1;2025;Isoliertür offen
1412967467;1;2026;Anheizen
1412967533;1;2026;Anheizen
1412969319;1;2007;Glutabbrand
1412969441;1;2012;Bereit
1413020775;1;2012;Bereit
1413042486;1;2025;Isoliertür offen
1413042487;1;2026;Anheizen
1413042489;1;2025;Isoliertür offen
1413042497;1;2026;Anheizen
1413042681;1;2012;Bereit
1413046419;1;2012;Bereit
1413130262;1;2025;Isoliertür offen
1413130264;1;2026;Anheizen
1413130267;1;2012;Bereit
1413306511;1;2026;Anheizen
1413306512;1;2012;Bereit
1413311278;1;2026;Anheizen
1413311279;1;2012;Bereit
1413362487;1;2026;Anheizen
1413362489;1;2012;Bereit
1413630017;1;2026;Anheizen
1413630020;1;2012;Bereit
1413650204;1;2012;Bereit
1413826634;1;2025;Isoliertür offen
1413826635;1;2026;Anheizen
1413826636;1;2025;Isoliertür offen
1413826651;1;2026;Anheizen
1413826655;1;2025;Isoliertür offen
1413826667;1;2026;Anheizen
1413826668;1;2012;Bereit
1414247963;1;2026;Anheizen
1414247971;1;2012;Bereit
1414256171;1;2025;Isoliertür offen
1414256208;1;2026;Anheizen
1414256209;1;2012;Bereit
1414398475;1;2012;Bereit
1414398740;1;2025;Isoliertür offen
1414398786;1;2026;Anheizen
1414398787;1;2025;Isoliertür offen
1414398790;1;2026;Anheizen
1414398853;1;2025;Isoliertür offen
1414399283;1;2026;Anheizen
1414399418;1;2012;Bereit
1414399491;1;2025;Isoliertür offen
1414400656;1;2026;Anheizen
1414400657;1;2021;Heizen
1414400748;1;2028;Isoliertür offen
1414400760;1;2021;Heizen
1414400972;1;2007;Glutabbrand
1414401019;1;2028;Isoliertür offen
1414401305;1;2021;Heizen
1414401676;1;2028;Isoliertür offen
1414401730;1;2021;Heizen
1414403455;1;2028;Isoliertür offen
1414403484;1;2021;Heizen
1414404272;1;2028;Isoliertür offen
1414404304;1;2021;Heizen
1414404521;1;2028;Isoliertür offen
1414404533;1;2021;Heizen
1414405038;1;2006;Heizen
1414405807;1;2028;Isoliertür offen
1414405854;1;2021;Heizen
1414405856;1;2006;Heizen
1414407395;1;2028;Isoliertür offen
1414407423;1;2021;Heizen
1414407425;1;2006;Heizen
1414409489;1;2028;Isoliertür offen
1414409517;1;2021;Heizen
1414409519;1;2006;Heizen
1414414443;1;2028;Isoliertür offen
1414414493;1;2021;Heizen
1414414495;1;2006;Heizen
1414417137;1;2028;Isoliertür offen
1414417146;1;2021;Heizen
1414417148;1;2006;Heizen
1414417218;1;2028;Isoliertür offen
1414417240;1;2021;Heizen
1414417242;1;2006;Heizen
1414420741;1;2007;Glutabbrand
1414420863;1;2012;Bereit
1414448219;1;2025;Isoliertür offen
1414448258;1;2026;Anheizen
1414448262;1;2012;Bereit
1414486264;1;2025;Isoliertür offen
1414486295;1;2026;Anheizen
1414486296;1;2012;Bereit
1414489212;1;2025;Isoliertür offen
1414489286;1;2026;Anheizen
1414489296;1;2025;Isoliertür offen
1414489305;1;2026;Anheizen
1414489306;1;2012;Bereit
1414489663;1;2025;Isoliertür offen
1414489723;1;2026;Anheizen
1414489724;1;2012;Bereit
1414489932;1;2012;Bereit
1414490444;1;2025;Isoliertür offen
1414490514;1;2026;Anheizen
1414490516;1;2012;Bereit
1414523266;1;2025;Isoliertür offen
1414523272;1;2026;Anheizen
1414525075;1;2007;Glutabbrand
1414525197;1;2012;Bereit
1414535713;1;2025;Isoliertür offen
1414536362;1;2026;Anheizen
1414536363;1;2021;Heizen
1414536778;1;2028;Isoliertür offen
1414536789;1;2021;Heizen
1414539977;1;2006;Heizen
1414539983;1;2028;Isoliertür offen
1414540006;1;2021;Heizen
1414540008;1;2006;Heizen
1414558006;1;2007;Glutabbrand
1414558127;1;2012;Bereit
1414571412;1;2025;Isoliertür offen
1414571439;1;2026;Anheizen
1414571442;1;2012;Bereit
1414576317;1;2025;Isoliertür offen
1414576320;1;2026;Anheizen
1414576328;1;2012;Bereit
1414663471;1;2025;Isoliertür offen
1414663477;1;2026;Anheizen
1414663485;1;2012;Bereit
1414663488;1;2025;Isoliertür offen
1414663495;1;2026;Anheizen
1414663499;1;2025;Isoliertür offen
1414664381;1;2025;Isoliertür offen
1414665065;1;2026;Anheizen
1414665074;1;2012;Bereit
1414669510;1;2025;Isoliertür offen
1414669524;1;2026;Anheizen
1414669533;1;2012;Bereit
1414674156;1;2025;Isoliertür offen
1414674436;1;2026;Anheizen
1414674437;1;2021;Heizen
1414675496;1;2028;Isoliertür offen
1414675530;1;2021;Heizen
1414678074;1;2006;Heizen
1414697774;1;2007;Glutabbrand
1414697896;1;2012;Bereit
1414707686;1;2025;Isoliertür offen
1414707691;1;2026;Anheizen
1414707693;1;2025;Isoliertür offen
1414707708;1;2026;Anheizen
1414707714;1;2012;Bereit
1414850734;1;2025;Isoliertür offen
1414850875;1;2026;Anheizen
1414850876;1;2021;Heizen
1414852330;1;2028;Isoliertür offen
1414852349;1;2021;Heizen
1414853388;1;2028;Isoliertür offen
1414853406;1;2021;Heizen
1414853961;1;2028;Isoliertür offen
1414853976;1;2021;Heizen
1414854533;1;2006;Heizen
1414856722;1;2028;Isoliertür offen
1414856733;1;2021;Heizen
1414856735;1;2006;Heizen
1414860242;1;2028;Isoliertür offen
1414860252;1;2021;Heizen
1414860254;1;2006;Heizen
1414865410;1;2028;Isoliertür offen
1414865428;1;2021;Heizen
1414865430;1;2006;Heizen
1414874591;1;2028;Isoliertür offen
1414874598;1;2021;Heizen
1414874600;1;2006;Heizen
1414876564;1;2012;Bereit
1415011701;1;2025;Isoliertür offen
1415011764;1;2026;Anheizen
1415011765;1;2021;Heizen
1415032861;1;2012;Bereit
1415119679;1;2026;Anheizen
1415119681;1;2012;Bereit
1415129246;1;2012;Bereit
1415129427;1;2012;Bereit
1415130909;1;2012;Bereit
1415169734;1;2025;Isoliertür offen
1415169931;1;2026;Anheizen
1415169932;1;2021;Heizen
1415173534;1;2006;Heizen
1415188111;1;2007;Glutabbrand
1415188233;1;2012;Bereit
1415207609;1;2025;Isoliertür offen
1415207617;1;2026;Anheizen
1415207618;1;2012;Bereit
1415220226;1;2025;Isoliertür offen
1415220254;1;2026;Anheizen
1415220256;1;2012;Bereit
1415258427;1;2025;Isoliertür offen
1415259103;1;2026;Anheizen
1415259105;1;2012;Bereit
1415274007;1;2025;Isoliertür offen
1415274236;1;2026;Anheizen
1415274237;1;2021;Heizen
1415277837;1;2006;Heizen
1415297938;1;2007;Glutabbrand
1415298060;1;2012;Bereit
1415358709;1;2025;Isoliertür offen
1415358727;1;2026;Anheizen
1415358728;1;2012;Bereit
1415371136;1;2025;Isoliertür offen
1415371167;1;2026;Anheizen
1415371275;1;2012;Bereit
1415385858;1;2025;Isoliertür offen
1415385990;1;2026;Anheizen
1415385993;1;2025;Isoliertür offen
1415386540;1;2026;Anheizen
1415386555;1;2012;Bereit
1415386979;1;2025;Isoliertür offen
1415386999;1;2026;Anheizen
1415387045;1;2012;Bereit
1415391340;1;2025;Isoliertür offen
1415391558;1;2026;Anheizen
1415391559;1;2021;Heizen
1415395161;1;2006;Heizen
1415418689;1;2007;Glutabbrand
1415418811;1;2012;Bereit
1415536324;1;2025;Isoliertür offen
1415537170;1;2026;Anheizen
1415537171;1;2021;Heizen
1415540773;1;2006;Heizen
1415558784;1;2007;Glutabbrand
1415558905;1;2012;Bereit
1415652108;1;2025;Isoliertür offen
1415652904;1;2026;Anheizen
1415652905;1;2021;Heizen
1415656506;1;2006;Heizen
1415673574;1;2007;Glutabbrand
1415673696;1;2012;Bereit
1415720450;1;2025;Isoliertür offen
1415720461;1;2026;Anheizen
1415720464;1;2012;Bereit
1415773677;1;2025;Isoliertür offen
1415774383;1;2026;Anheizen
1415774384;1;2021;Heizen
1415777985;1;2006;Heizen
1415794502;1;2007;Glutabbrand
1415794624;1;2012;Bereit
1415815033;1;2025;Isoliertür offen
1415815057;1;2026;Anheizen
1415815060;1;2012;Bereit
1415859706;1;2025;Isoliertür offen
1415860357;1;2026;Anheizen
1415860359;1;2012;Bereit
1415880851;1;2025;Isoliertür offen
1415881136;1;2026;Anheizen
1415881137;1;2021;Heizen
1415884739;1;2006;Heizen
1415903110;1;2007;Glutabbrand
1415903232;1;2012;Bereit
1416036786;1;2025;Isoliertür offen
1416037584;1;2026;Anheizen
1416037585;1;2021;Heizen
1416041188;1;2006;Heizen
1416060586;1;2007;Glutabbrand
1416060709;1;2012;Bereit
1416061122;1;2025;Isoliertür offen
1416061177;1;2026;Anheizen
1416061192;1;2021;Heizen
1416064793;1;2006;Heizen
1416065455;1;2028;Isoliertür offen
1416065499;1;2021;Heizen
1416065501;1;2006;Heizen
1416067998;1;2007;Glutabbrand
1416068120;1;2012;Bereit
1416075768;1;2025;Isoliertür offen
1416075777;1;2026;Anheizen
1416075779;1;2012;Bereit
1416166557;1;2025;Isoliertür offen
1416166559;1;2026;Anheizen
1416166563;1;2012;Bereit
1416166620;1;2025;Isoliertür offen
1416166621;1;2026;Anheizen
1416166622;1;2012;Bereit
1416166656;1;2025;Isoliertür offen
1416167635;1;2026;Anheizen
1416167636;1;2021;Heizen
1416171239;1;2006;Heizen
1416175300;1;2007;Glutabbrand
1416178903;1;2012;Bereit
1416215233;1;2012;Bereit
1416223884;1;2025;Isoliertür offen
1416224985;1;2026;Anheizen
1416224987;1;2012;Bereit
1416235623;1;2025;Isoliertür offen
1416237106;1;2026;Anheizen
1416237344;1;2025;Isoliertür offen
1416237495;1;2026;Anheizen
1416237496;1;2021;Heizen
1416238410;1;2028;Isoliertür offen
1416238421;1;2021;Heizen
1416241109;1;2006;Heizen
1416259738;1;2007;Glutabbrand
1416259860;1;2012;Bereit
1416262814;1;2025;Isoliertür offen
1416262857;1;2026;Anheizen
1416262860;1;2012;Bereit
1416299745;1;2025;Isoliertür offen
1416299752;1;2026;Anheizen
1416299757;1;2012;Bereit
1416299762;1;2025;Isoliertür offen
1416299804;1;2026;Anheizen
1416299805;1;2012;Bereit
1416385769;1;2025;Isoliertür offen
1416386540;1;2026;Anheizen
1416386541;1;2021;Heizen
1416390144;1;2006;Heizen
1416406368;1;2007;Glutabbrand
1416406490;1;2012;Bereit
1416477132;1;2012;Bereit
1416481846;1;2012;Bereit
1416484348;1;2025;Isoliertür offen
1416485168;1;2026;Anheizen
1416485169;1;2021;Heizen
1416488769;1;2006;Heizen
1416507399;1;2007;Glutabbrand
1416507521;1;2012;Bereit
1416590107;1;2025;Isoliertür offen
1416591056;1;2026;Anheizen
1416591057;1;2021;Heizen
1416592308;1;2028;Isoliertür offen
1416592348;1;2021;Heizen
1416594699;1;2006;Heizen
1416612630;1;2007;Glutabbrand
1416616233;1;2020;Lambdasonde kalibrieren
1416626756;1;2012;Bereit
1416653027;1;2025;Isoliertür offen
1416653110;1;2026;Anheizen
1416653116;1;2012;Bereit
1416653126;1;2025;Isoliertür offen
1416653127;1;2026;Anheizen
1416653130;1;2025;Isoliertür offen
1416653792;1;2026;Anheizen
1416653807;1;2012;Bereit
1416653945;1;2025;Isoliertür offen
1416653949;1;2026;Anheizen
1416653972;1;2012;Bereit
1416654341;1;2025;Isoliertür offen
1416654389;1;2026;Anheizen
1416654391;1;2012;Bereit
1416667703;1;2025;Isoliertür offen
1416668409;1;2026;Anheizen
1416668410;1;2012;Bereit
1416668882;1;2025;Isoliertür offen
1416668911;1;2026;Anheizen
1416668912;1;2012;Bereit
1416733200;1;2025;Isoliertür offen
1416733758;1;2026;Anheizen
1416733759;1;2021;Heizen
1416737361;1;2006;Heizen
1416750412;1;2028;Isoliertür offen
1416750436;1;2021;Heizen
1416750438;1;2006;Heizen
1416756618;1;2007;Glutabbrand
1416756740;1;2012;Bereit
1416826393;1;2025;Isoliertür offen
1416826791;1;2026;Anheizen
1416826794;1;2012;Bereit
1416853897;1;2025;Isoliertür offen
1416854200;1;2026;Anheizen
1416854201;1;2021;Heizen
1416857804;1;2006;Heizen
1416877297;1;2007;Glutabbrand
1416877419;1;2012;Bereit
1416937533;1;2025;Isoliertür offen
1416937545;1;2026;Anheizen
1416937704;1;2012;Bereit
1416940599;1;2025;Isoliertür offen
1416941151;1;2026;Anheizen
1416941157;1;2012;Bereit
1416989338;1;2025;Isoliertür offen
1416989604;1;2026;Anheizen
1416989605;1;2021;Heizen
1416993207;1;2006;Heizen
1417011383;1;2028;Isoliertür offen
1417011437;1;2021;Heizen
1417011439;1;2006;Heizen
1417014017;1;2007;Glutabbrand
1417014139;1;2012;Bereit
1417107429;1;2025;Isoliertür offen
1417107894;1;2026;Anheizen
1417107897;1;2012;Bereit
1417108052;1;2025;Isoliertür offen
1417108244;1;2026;Anheizen
1417108245;1;2021;Heizen
1417111846;1;2006;Heizen
1417129196;1;2007;Glutabbrand
1417129318;1;2012;Bereit
1417245816;1;2025;Isoliertür offen
1417246714;1;2026;Anheizen
1417246715;1;2021;Heizen
1417250317;1;2006;Heizen
1417263523;1;2028;Isoliertür offen
1417263532;1;2021;Heizen
1417263534;1;2006;Heizen
1417263581;1;2028;Isoliertür offen
1417263614;1;2021;Heizen
1417263616;1;2006;Heizen
1417263648;1;2028;Isoliertür offen
1417263679;1;2021;Heizen
1417263681;1;2006;Heizen
1417272092;1;2007;Glutabbrand
1417272214;1;2012;Bereit
1417357965;1;2025;Isoliertür offen
1417359127;1;2026;Anheizen
1417359267;1;2021;Heizen
1417362870;1;2006;Heizen
1417380427;1;2028;Isoliertür offen
1417380434;1;2021;Heizen
1417380436;1;2006;Heizen
1417380474;1;2028;Isoliertür offen
1417380513;1;2021;Heizen
1417380515;1;2006;Heizen
1417384491;1;2007;Glutabbrand
1417384613;1;2012;Bereit
1417441745;1;2025;Isoliertür offen
1417442665;1;2026;Anheizen
1417442666;1;2021;Heizen
1417442724;1;2028;Isoliertür offen
1417442752;1;2021;Heizen
1417443025;1;2028;Isoliertür offen
1417443061;1;2021;Heizen
1417446334;1;2006;Heizen
1417446502;1;2028;Isoliertür offen
1417446515;1;2021;Heizen
1417446517;1;2006;Heizen
1417455538;1;2028;Isoliertür offen
1417455560;1;2021;Heizen
1417455562;1;2006;Heizen
1417464001;1;2007;Glutabbrand
1417464123;1;2012;Bereit
1417542594;1;2025;Isoliertür offen
1417543531;1;2026;Anheizen
1417543532;1;2021;Heizen
1417547133;1;2006;Heizen
1417556375;1;2028;Isoliertür offen
1417556384;1;2021;Heizen
1417556386;1;2006;Heizen
1417561983;1;2007;Glutabbrand
1417562105;1;2012;Bereit
1417623787;1;2012;Bereit
1417624564;1;2025;Isoliertür offen
1417625213;1;2026;Anheizen
1417625214;1;2021;Heizen
1417628816;1;2006;Heizen
1417645041;1;2007;Glutabbrand
1417645163;1;2012;Bereit
1417713344;1;2025;Isoliertür offen
1417713829;1;2026;Anheizen
1417713830;1;2021;Heizen
1417717433;1;2006;Heizen
1417738880;1;2007;Glutabbrand
1417739002;1;2012;Bereit
1417809606;1;2025;Isoliertür offen
1417810276;1;2026;Anheizen
1417810277;1;2021;Heizen
1417812577;1;2028;Isoliertür offen
1417812584;1;2021;Heizen
1417813888;1;2006;Heizen
1417822149;1;2028;Isoliertür offen
1417822159;1;2021;Heizen
1417822161;1;2006;Heizen
1417832833;1;2007;Glutabbrand
1417832955;1;2012;Bereit
1417886097;1;2025;Isoliertür offen
1417886328;1;2026;Anheizen
1417886329;1;2021;Heizen
1417889931;1;2006;Heizen
1417895507;1;2007;Glutabbrand
1417895629;1;2012;Bereit
1417951124;1;2025;Isoliertür offen
1417951622;1;2026;Anheizen
1417951623;1;2021;Heizen
1417955224;1;2006;Heizen
1417964792;1;2028;Isoliertür offen
1417964803;1;2021;Heizen
1417964805;1;2006;Heizen
1417971289;1;2028;Isoliertür offen
1417971301;1;2021;Heizen
1417971303;1;2006;Heizen
1417972585;1;2007;Glutabbrand
1417972707;1;2012;Bereit
1418031239;1;2025;Isoliertür offen
1418032168;1;2026;Anheizen
1418032169;1;2021;Heizen
1418035771;1;2006;Heizen
1418037331;1;2028;Isoliertür offen
1418037339;1;2021;Heizen
1418037341;1;2006;Heizen
1418040250;1;2028;Isoliertür offen
1418040258;1;2021;Heizen
1418040260;1;2006;Heizen
1418046147;1;2028;Isoliertür offen
1418046156;1;2021;Heizen
1418046158;1;2006;Heizen
1418051210;1;2028;Isoliertür offen
1418051240;1;2021;Heizen
1418051242;1;2006;Heizen
1418053512;1;2007;Glutabbrand
1418053634;1;2012;Bereit
1418127966;1;2025;Isoliertür offen
1418127993;1;2026;Anheizen
1418127994;1;2012;Bereit
1418128103;1;2025;Isoliertür offen
1418128620;1;2026;Anheizen
1418128621;1;2021;Heizen
1418132223;1;2006;Heizen
1418135028;1;2028;Isoliertür offen
1418135056;1;2021;Heizen
1418135058;1;2006;Heizen
1418143049;1;2028;Isoliertür offen
1418143077;1;2021;Heizen
1418143079;1;2006;Heizen
1418144999;1;2028;Isoliertür offen
1418145024;1;2021;Heizen
1418145026;1;2006;Heizen
1418152760;1;2007;Glutabbrand
1418152882;1;2012;Bereit
1418210646;1;2025;Isoliertür offen
1418211070;1;2026;Anheizen
1418211076;1;2021;Heizen
1418214678;1;2006;Heizen
1418228667;1;2028;Isoliertür offen
1418228681;1;2021;Heizen
1418228683;1;2006;Heizen
1418228716;1;2028;Isoliertür offen
1418228731;1;2021;Heizen
1418228733;1;2006;Heizen
1418233197;1;2028;Isoliertür offen
1418233229;1;2021;Heizen
1418233231;1;2006;Heizen
1418235440;1;2007;Glutabbrand
1418235562;1;2012;Bereit
1418302844;1;2025;Isoliertür offen
1418303756;1;2026;Anheizen
1418303757;1;2021;Heizen
1418303969;1;2028;Isoliertür offen
1418304009;1;2021;Heizen
1418307399;1;2006;Heizen
1418325047;1;2007;Glutabbrand
1418325169;1;2012;Bereit
1418389173;1;2025;Isoliertür offen
1418389661;1;2026;Anheizen
1418389665;1;2021;Heizen
1418393266;1;2006;Heizen
1418411764;1;2007;Glutabbrand
1418411886;1;2012;Bereit
1418468115;1;2025;Isoliertür offen
1418468124;1;2026;Anheizen
1418468129;1;2012;Bereit
1418468192;1;2025;Isoliertür offen
1418468504;1;2026;Anheizen
1418468506;1;2012;Bereit
1418478847;1;2025;Isoliertür offen
1418479349;1;2026;Anheizen
1418479350;1;2021;Heizen
1418482952;1;2006;Heizen
1418483334;1;2028;Isoliertür offen
1418483370;1;2021;Heizen
1418483372;1;2006;Heizen
1418497912;1;2028;Isoliertür offen
1418497933;1;2021;Heizen
1418497935;1;2006;Heizen
1418500697;1;2007;Glutabbrand
1418500819;1;2012;Bereit
1418579207;1;2025;Isoliertür offen
1418579225;1;2026;Anheizen
1418579227;1;2012;Bereit
1418579263;1;2025;Isoliertür offen
1418579856;1;2026;Anheizen
1418579857;1;2021;Heizen
1418583459;1;2006;Heizen
1418603432;1;2007;Glutabbrand
1418603554;1;2012;Bereit
1418671908;1;2025;Isoliertür offen
1418672328;1;2026;Anheizen
1418672331;1;2012;Bereit
1418705578;1;2025;Isoliertür offen
1418705703;1;2026;Anheizen
1418705704;1;2021;Heizen
1418709305;1;2006;Heizen
1418729237;1;2007;Glutabbrand
1418729360;1;2012;Bereit
1418804350;1;2025;Isoliertür offen
1418804358;1;2026;Anheizen
1418804359;1;2012;Bereit
1418804409;1;2025;Isoliertür offen
1418805441;1;2026;Anheizen
1418805442;1;2021;Heizen
1418809043;1;2006;Heizen
1418819054;1;2028;Isoliertür offen
1418819060;1;2021;Heizen
1418819062;1;2006;Heizen
1418820683;1;2028;Isoliertür offen
1418820703;1;2021;Heizen
1418820705;1;2006;Heizen
1418824133;1;2028;Isoliertür offen
1418824142;1;2021;Heizen
1418824144;1;2006;Heizen
1418828685;1;2028;Isoliertür offen
1418828710;1;2021;Heizen
1418828712;1;2006;Heizen
1418831876;1;2028;Isoliertür offen
1418831963;1;2021;Heizen
1418831965;1;2006;Heizen
1418832329;1;2028;Isoliertür offen
1418832353;1;2021;Heizen
1418832355;1;2006;Heizen
1418839846;1;2028;Isoliertür offen
1418839877;1;2021;Heizen
1418839880;1;2006;Heizen
1418843239;1;2007;Glutabbrand
1418843361;1;2012;Bereit
1418932719;1;2025;Isoliertür offen
1418933069;1;2026;Anheizen
1418933074;1;2021;Heizen
1418936676;1;2006;Heizen
1418949997;1;2007;Glutabbrand
1418950119;1;2012;Bereit
1419023799;1;2025;Isoliertür offen
1419023801;1;2026;Anheizen
1419023803;1;2012;Bereit
1419023976;1;2025;Isoliertür offen
1419024369;1;2026;Anheizen
1419024370;1;2021;Heizen
1419027971;1;2006;Heizen
1419033898;1;2007;Glutabbrand
1419034020;1;2012;Bereit
1419079771;1;2025;Isoliertür offen
1419080229;1;2026;Anheizen
1419080230;1;2021;Heizen
1419083831;1;2006;Heizen
1419088323;1;2028;Isoliertür offen
1419088335;1;2021;Heizen
1419088337;1;2006;Heizen
1419097301;1;2028;Isoliertür offen
1419097324;1;2021;Heizen
1419097326;1;2006;Heizen
1419101146;1;2007;Glutabbrand
1419101268;1;2012;Bereit
1419177682;1;2025;Isoliertür offen
1419178615;1;2026;Anheizen
1419178616;1;2021;Heizen
1419178661;1;2028;Isoliertür offen
1419178662;1;2021;Heizen
1419182221;1;2006;Heizen
1419196026;1;2007;Glutabbrand
1419196148;1;2012;Bereit
1419260672;1;2025;Isoliertür offen
1419261257;1;2026;Anheizen
1419261303;1;2021;Heizen
1419264905;1;2006;Heizen
1419280335;1;2007;Glutabbrand
1419280457;1;2012;Bereit
1419351943;1;2025;Isoliertür offen
1419352853;1;2026;Anheizen
1419352854;1;2021;Heizen
1419356455;1;2006;Heizen
1419375737;1;2007;Glutabbrand
1419375859;1;2012;Bereit
1419440567;1;2025;Isoliertür offen
1419440589;1;2026;Anheizen
1419440590;1;2025;Isoliertür offen
1419441156;1;2026;Anheizen
1419441157;1;2021;Heizen
1419444759;1;2006;Heizen
1419459755;1;2007;Glutabbrand
1419459877;1;2012;Bereit
1419520370;1;2025;Isoliertür offen
1419520956;1;2026;Anheizen
1419520957;1;2021;Heizen
1419524560;1;2006;Heizen
1419544157;1;2007;Glutabbrand
1419544279;1;2012;Bereit
1419611266;1;2025;Isoliertür offen
1419611659;1;2026;Anheizen
1419611660;1;2021;Heizen
1419615263;1;2006;Heizen
1419618055;1;2028;Isoliertür offen
1419618066;1;2021;Heizen
1419618068;1;2006;Heizen
1419633941;1;2007;Glutabbrand
1419634063;1;2012;Bereit
1419685252;1;2025;Isoliertür offen
1419685254;1;2026;Anheizen
1419685270;1;2025;Isoliertür offen
1419686009;1;2026;Anheizen
1419686010;1;2021;Heizen
1419689612;1;2006;Heizen
1419699364;1;2028;Isoliertür offen
1419699384;1;2021;Heizen
1419699386;1;2006;Heizen
1419705693;1;2028;Isoliertür offen
1419705714;1;2021;Heizen
1419705716;1;2006;Heizen
1419709905;1;2028;Isoliertür offen
1419709995;1;2021;Heizen
1419709997;1;2006;Heizen
1419715902;1;2028;Isoliertür offen
1419715922;1;2021;Heizen
1419715924;1;2006;Heizen
1419718862;1;2007;Glutabbrand
1419718984;1;2012;Bereit
1419771233;1;2025;Isoliertür offen
1419771846;1;2026;Anheizen
1419771847;1;2021;Heizen
1419775448;1;2006;Heizen
1419783823;1;2028;Isoliertür offen
1419783832;1;2021;Heizen
1419783834;1;2006;Heizen
1419790489;1;2028;Isoliertür offen
1419790516;1;2021;Heizen
1419790518;1;2006;Heizen
1419790942;1;2028;Isoliertür offen
1419790987;1;2021;Heizen
1419790989;1;2006;Heizen
1419808106;1;2007;Glutabbrand
1419808228;1;2012;Bereit
1419842487;1;2025;Isoliertür offen
1419843007;1;2026;Anheizen
1419843008;1;2021;Heizen
1419846609;1;2006;Heizen
1419860210;1;2028;Isoliertür offen
1419860237;1;2021;Heizen
1419860239;1;2006;Heizen
1419860300;1;2028;Isoliertür offen
1419860342;1;2021;Heizen
1419860344;1;2006;Heizen
1419879024;1;2007;Glutabbrand
1419879145;1;2012;Bereit
1419928055;1;2025;Isoliertür offen
1419929178;1;2026;Anheizen
1419929179;1;2021;Heizen
1419929545;1;2007;Glutabbrand
1419929552;1;2028;Isoliertür offen
1419929731;1;2021;Heizen
1419929772;1;2028;Isoliertür offen
1419930068;1;2021;Heizen
1419930346;1;2028;Isoliertür offen
1419930356;1;2021;Heizen
1419933642;1;2006;Heizen
1419940479;1;2028;Isoliertür offen
1419940513;1;2021;Heizen
1419940515;1;2006;Heizen
1419946358;1;2028;Isoliertür offen
1419946411;1;2021;Heizen
1419946413;1;2006;Heizen
1419958544;1;2007;Glutabbrand
1419958666;1;2012;Bereit
1420014410;1;2025;Isoliertür offen
1420014790;1;2026;Anheizen
1420014791;1;2021;Heizen
1420018393;1;2006;Heizen
1420035439;1;2028;Isoliertür offen
1420035504;1;2021;Heizen
1420035506;1;2006;Heizen
1420041454;1;2028;Isoliertür offen
1420041465;1;2021;Heizen
1420041467;1;2006;Heizen
1420044230;1;2028;Isoliertür offen
1420044276;1;2021;Heizen
1420044278;1;2006;Heizen
1420049624;1;2028;Isoliertür offen
1420049643;1;2021;Heizen
1420049645;1;2006;Heizen
1420051176;1;2007;Glutabbrand
1420051298;1;2012;Bereit
1420110273;1;2025;Isoliertür offen
1420110748;1;2026;Anheizen
1420110749;1;2021;Heizen
1420111172;1;2007;Glutabbrand
1420111175;1;2028;Isoliertür offen
1420111275;1;2021;Heizen
1420111326;1;2028;Isoliertür offen
1420111562;1;2021;Heizen
1420111589;1;2028;Isoliertür offen
1420111913;1;2021;Heizen
1420111957;1;2028;Isoliertür offen
1420112294;1;2021;Heizen
1420112609;1;2028;Isoliertür offen
1420112622;1;2021;Heizen
1420115792;1;2006;Heizen
1420130350;1;2028;Isoliertür offen
1420130376;1;2021;Heizen
1420130378;1;2006;Heizen
1420134153;1;2028;Isoliertür offen
1420134161;1;2021;Heizen
1420134163;1;2006;Heizen
1420134309;1;2028;Isoliertür offen
1420134342;1;2021;Heizen
1420134344;1;2006;Heizen
1420143513;1;2007;Glutabbrand
1420143635;1;2012;Bereit
1420192958;1;2025;Isoliertür offen
1420192970;1;2026;Anheizen
1420194773;1;2007;Glutabbrand
1420194894;1;2012;Bereit
1420204721;1;2025;Isoliertür offen
1420205520;1;2026;Anheizen
1420205521;1;2021;Heizen
1420209124;1;2006;Heizen
1420217121;1;2028;Isoliertür offen
1420217131;1;2021;Heizen
1420217133;1;2006;Heizen
1420217140;1;2028;Isoliertür offen
1420217181;1;2021;Heizen
1420217183;1;2006;Heizen
1420232096;1;2007;Glutabbrand
1420232218;1;2012;Bereit
1420283710;1;2025;Isoliertür offen
1420286051;1;2026;Anheizen
1420286055;1;2021;Heizen
1420287416;1;2028;Isoliertür offen
1420287441;1;2021;Heizen
1420289683;1;2006;Heizen
1420301551;1;2028;Isoliertür offen
1420301602;1;2021;Heizen
1420301604;1;2006;Heizen
1420305956;1;2028;Isoliertür offen
1420305962;1;2021;Heizen
1420305964;1;2006;Heizen
1420313403;1;2007;Glutabbrand
1420313525;1;2012;Bereit
1420367106;1;2025;Isoliertür offen
1420367746;1;2026;Anheizen
1420367747;1;2021;Heizen
1420371349;1;2006;Heizen
1420382858;1;2028;Isoliertür offen
1420382870;1;2021;Heizen
1420382872;1;2006;Heizen
1420391459;1;2028;Isoliertür offen
1420391465;1;2021;Heizen
1420391467;1;2006;Heizen
1420391470;1;2028;Isoliertür offen
1420391535;1;2021;Heizen
1420391537;1;2006;Heizen
1420392036;1;2028;Isoliertür offen
1420392062;1;2021;Heizen
1420392064;1;2006;Heizen
1420397010;1;2028;Isoliertür offen
1420397086;1;2021;Heizen
1420397088;1;2006;Heizen
1420398640;1;2007;Glutabbrand
1420398761;1;2012;Bereit
1420456423;1;2025;Isoliertür offen
1420457175;1;2026;Anheizen
1420457176;1;2025;Isoliertür offen
1420457895;1;2026;Anheizen
1420457896;1;2021;Heizen
1420458420;1;2028;Isoliertür offen
1420458461;1;2021;Heizen
1420461540;1;2006;Heizen
1420471350;1;2028;Isoliertür offen
1420471380;1;2021;Heizen
1420471382;1;2006;Heizen
1420475990;1;2028;Isoliertür offen
1420476012;1;2021;Heizen
1420476014;1;2006;Heizen
1420476136;1;2028;Isoliertür offen
1420476169;1;2021;Heizen
1420476171;1;2006;Heizen
1420485517;1;2007;Glutabbrand
1420485640;1;2012;Bereit
1420537599;1;2025;Isoliertür offen
1420538277;1;2026;Anheizen
1420538278;1;2021;Heizen
1420541879;1;2006;Heizen
1420562115;1;2007;Glutabbrand
1420562237;1;2012;Bereit
1420608199;1;2025;Isoliertür offen
1420608606;1;2026;Anheizen
1420608607;1;2021;Heizen
1420612209;1;2006;Heizen
1420633735;1;2007;Glutabbrand
1420633858;1;2012;Bereit
1420694555;1;2025;Isoliertür offen
1420695057;1;2026;Anheizen
1420695138;1;2021;Heizen
1420698740;1;2006;Heizen
1420718165;1;2007;Glutabbrand
1420718287;1;2012;Bereit
1420780987;1;2025;Isoliertür offen
1420781530;1;2026;Anheizen
1420781531;1;2021;Heizen
1420785134;1;2006;Heizen
1420803485;1;2007;Glutabbrand
1420803607;1;2012;Bereit
1420876137;1;2025;Isoliertür offen
1420876773;1;2026;Anheizen
1420876774;1;2021;Heizen
1420880376;1;2006;Heizen
1420890027;1;2028;Isoliertür offen
1420890035;1;2021;Heizen
1420890037;1;2006;Heizen
1420893423;1;2028;Isoliertür offen
1420893454;1;2021;Heizen
1420893456;1;2006;Heizen
1420898900;1;2028;Isoliertür offen
1420898929;1;2021;Heizen
1420898931;1;2006;Heizen
1420901798;1;2028;Isoliertür offen
1420901816;1;2021;Heizen
1420901818;1;2006;Heizen
1420903998;1;2028;Isoliertür offen
1420904040;1;2021;Heizen
1420904042;1;2006;Heizen
1420904158;1;2028;Isoliertür offen
1420904185;1;2021;Heizen
1420904187;1;2006;Heizen
1420908122;1;2007;Glutabbrand
1420908244;1;2012;Bereit
1420994281;1;2025;Isoliertür offen
1420995076;1;2026;Anheizen
1420995077;1;2021;Heizen
1420998679;1;2006;Heizen
1421012057;1;2028;Isoliertür offen
1421012080;1;2021;Heizen
1421012082;1;2006;Heizen
1421022172;1;2007;Glutabbrand
1421022294;1;2012;Bereit
1421081600;1;2025;Isoliertür offen
1421081936;1;2026;Anheizen
1421081937;1;2021;Heizen
1421085539;1;2006;Heizen
1421098245;1;2028;Isoliertür offen
1421098253;1;2021;Heizen
1421098255;1;2006;Heizen
1421102091;1;2007;Glutabbrand
1421102213;1;2012;Bereit
1421169509;1;2025;Isoliertür offen
1421170275;1;2026;Anheizen
1421170276;1;2021;Heizen
1421173878;1;2006;Heizen
1421179956;1;2028;Isoliertür offen
1421179999;1;2021;Heizen
1421180001;1;2006;Heizen
1421180049;1;2028;Isoliertür offen
1421180057;1;2021;Heizen
1421180059;1;2006;Heizen
1421189682;1;2007;Glutabbrand
1421189804;1;2012;Bereit
1421258551;1;2025;Isoliertür offen
1421259021;1;2026;Anheizen
1421259022;1;2021;Heizen
1421262624;1;2006;Heizen
1421271282;1;2028;Isoliertür offen
1421271308;1;2021;Heizen
1421271310;1;2006;Heizen
1421282151;1;2007;Glutabbrand
1421282274;1;2012;Bereit
1421350168;1;2025;Isoliertür offen
1421350746;1;2026;Anheizen
1421350747;1;2021;Heizen
1421354349;1;2006;Heizen
1421368847;1;2007;Glutabbrand
1421368969;1;2012;Bereit
1421430772;1;2025;Isoliertür offen
1421430799;1;2026;Anheizen
1421430802;1;2012;Bereit
1421430820;1;2025;Isoliertür offen
1421431349;1;2026;Anheizen
1421431350;1;2021;Heizen
1421434951;1;2006;Heizen
1421447143;1;2028;Isoliertür offen
1421447151;1;2021;Heizen
1421447153;1;2006;Heizen
1421452900;1;2007;Glutabbrand
1421453022;1;2012;Bereit
1421515897;1;2025;Isoliertür offen
1421516294;1;2026;Anheizen
1421516295;1;2021;Heizen
1421519897;1;2006;Heizen
1421535578;1;2007;Glutabbrand
1421535700;1;2012;Bereit
1421598022;1;2025;Isoliertür offen
1421598585;1;2026;Anheizen
1421598586;1;2021;Heizen
1421602189;1;2006;Heizen
1421616731;1;2007;Glutabbrand
1421616853;1;2012;Bereit
1421662845;1;2025;Isoliertür offen
1421662850;1;2026;Anheizen
1421662866;1;2025;Isoliertür offen
1421664045;1;2026;Anheizen
1421664046;1;2021;Heizen
1421664679;1;2028;Isoliertür offen
1421664693;1;2021;Heizen
1421667663;1;2006;Heizen
1421685478;1;2007;Glutabbrand
1421685600;1;2012;Bereit
1421742353;1;2025;Isoliertür offen
1421743057;1;2026;Anheizen
1421743058;1;2021;Heizen
1421746660;1;2006;Heizen
1421759922;1;2028;Isoliertür offen
1421759950;1;2021;Heizen
1421759952;1;2006;Heizen
1421768899;1;2007;Glutabbrand
1421769021;1;2012;Bereit
1421830736;1;2025;Isoliertür offen
1421831378;1;2026;Anheizen
1421831379;1;2021;Heizen
1421834981;1;2006;Heizen
1421839811;1;2028;Isoliertür offen
1421839844;1;2021;Heizen
1421839846;1;2006;Heizen
1421858853;1;2007;Glutabbrand
1421858975;1;2012;Bereit
1421915609;1;2025;Isoliertür offen
1421916198;1;2026;Anheizen
1421916367;1;2021;Heizen
1421919969;1;2006;Heizen
1421933105;1;2028;Isoliertür offen
1421933154;1;2021;Heizen
1421933156;1;2006;Heizen
1421943639;1;2007;Glutabbrand
1421943760;1;2012;Bereit
1422006286;1;2025;Isoliertür offen
1422007097;1;2026;Anheizen
1422007098;1;2021;Heizen
1422007559;1;2028;Isoliertür offen
1422007643;1;2021;Heizen
1422007744;1;2028;Isoliertür offen
1422007796;1;2021;Heizen
1422007890;1;2028;Isoliertür offen
1422007982;1;2021;Heizen
1422010933;1;2006;Heizen
1422028315;1;2007;Glutabbrand
1422028359;1;2028;Isoliertür offen
1422028390;1;2021;Heizen
1422028462;1;2028;Isoliertür offen
1422028527;1;2021;Heizen
1422032059;1;2006;Heizen
1422034630;1;2007;Glutabbrand
1422034752;1;2012;Bereit
1422095198;1;2025;Isoliertür offen
1422095217;1;2026;Anheizen
1422095219;1;2012;Bereit
1422095262;1;2025;Isoliertür offen
1422095863;1;2026;Anheizen
1422095864;1;2021;Heizen
1422097596;1;2028;Isoliertür offen
1422097615;1;2021;Heizen
1422099486;1;2006;Heizen
1422117036;1;2028;Isoliertür offen
1422117054;1;2021;Heizen
1422117056;1;2006;Heizen
1422120258;1;2028;Isoliertür offen
1422120278;1;2021;Heizen
1422120280;1;2006;Heizen
1422127897;1;2007;Glutabbrand
1422128019;1;2012;Bereit
1422195935;1;2025;Isoliertür offen
1422196412;1;2026;Anheizen
1422196413;1;2021;Heizen
1422200014;1;2006;Heizen
1422219672;1;2028;Isoliertür offen
1422219728;1;2021;Heizen
1422219730;1;2006;Heizen
1422219732;1;2028;Isoliertür offen
1422219743;1;2021;Heizen
1422219745;1;2006;Heizen
1422229464;1;2007;Glutabbrand
1422229586;1;2012;Bereit
1422288988;1;2025;Isoliertür offen
1422289583;1;2026;Anheizen
1422289584;1;2021;Heizen
1422293186;1;2006;Heizen
1422307929;1;2028;Isoliertür offen
1422307935;1;2021;Heizen
1422307936;1;2028;Isoliertür offen
1422307944;1;2021;Heizen
1422307945;1;2028;Isoliertür offen
1422307963;1;2021;Heizen
1422307964;1;2028;Isoliertür offen
1422307966;1;2021;Heizen
1422307968;1;2006;Heizen
1422315400;1;2007;Glutabbrand
1422315522;1;2012;Bereit
1422372526;1;2025;Isoliertür offen
1422373266;1;2026;Anheizen
1422373267;1;2021;Heizen
1422376868;1;2006;Heizen
1422394334;1;2028;Isoliertür offen
1422394361;1;2021;Heizen
1422394363;1;2006;Heizen
1422402491;1;2007;Glutabbrand
1422402613;1;2012;Bereit
1422456868;1;2025;Isoliertür offen
1422457321;1;2026;Anheizen
1422457322;1;2021;Heizen
1422460924;1;2006;Heizen
1422478605;1;2007;Glutabbrand
1422478727;1;2012;Bereit
1422481239;1;2025;Isoliertür offen
1422481276;1;2026;Anheizen
1422481414;1;2021;Heizen
1422485017;1;2006;Heizen
1422485352;1;2007;Glutabbrand
1422485474;1;2012;Bereit
1422540446;1;2025;Isoliertür offen
1422541152;1;2026;Anheizen
1422541153;1;2021;Heizen
1422544754;1;2006;Heizen
1422562228;1;2028;Isoliertür offen
1422562271;1;2021;Heizen
1422562273;1;2006;Heizen
1422567332;1;2028;Isoliertür offen
1422567347;1;2021;Heizen
1422567349;1;2006;Heizen
1422571182;1;2007;Glutabbrand
1422571304;1;2012;Bereit
1422632358;1;2025;Isoliertür offen
1422633568;1;2026;Anheizen
1422633569;1;2021;Heizen
1422634020;1;2028;Isoliertür offen
1422634067;1;2021;Heizen
1422637219;1;2006;Heizen
1422654443;1;2028;Isoliertür offen
1422654471;1;2021;Heizen
1422654473;1;2006;Heizen
1422659798;1;2028;Isoliertür offen
1422659805;1;2021;Heizen
1422659807;1;2006;Heizen
1422663260;1;2007;Glutabbrand
1422663382;1;2012;Bereit
1422716095;1;2025;Isoliertür offen
1422716617;1;2026;Anheizen
1422716618;1;2021;Heizen
1422720219;1;2006;Heizen
1422727895;1;2028;Isoliertür offen
1422727901;1;2021;Heizen
1422727903;1;2006;Heizen
1422740796;1;2007;Glutabbrand
1422740918;1;2012;Bereit
1422792920;1;2025;Isoliertür offen
1422793229;1;2026;Anheizen
1422793230;1;2021;Heizen
1422796832;1;2006;Heizen
1422818829;1;2007;Glutabbrand
1422818951;1;2012;Bereit
1422874074;1;2025;Isoliertür offen
1422874076;1;2026;Anheizen
1422874079;1;2012;Bereit
1422874103;1;2025;Isoliertür offen
1422874550;1;2026;Anheizen
1422874558;1;2021;Heizen
1422878160;1;2006;Heizen
1422896193;1;2007;Glutabbrand
1422896315;1;2012;Bereit
1422949093;1;2025;Isoliertür offen
1422949733;1;2026;Anheizen
1422949734;1;2021;Heizen
1422953336;1;2006;Heizen
1422966539;1;2028;Isoliertür offen
1422966643;1;2021;Heizen
1422966645;1;2006;Heizen
1422977545;1;2028;Isoliertür offen
1422977846;1;2021;Heizen
1422977848;1;2006;Heizen
1422996944;1;2007;Glutabbrand
1422997066;1;2012;Bereit
1423045239;1;2025;Isoliertür offen
1423045701;1;2026;Anheizen
1423045702;1;2021;Heizen
1423049303;1;2006;Heizen
1423056283;1;2028;Isoliertür offen
1423056306;1;2021;Heizen
1423056308;1;2006;Heizen
1423074094;1;2007;Glutabbrand
1423074216;1;2012;Bereit
1423124651;1;2025;Isoliertür offen
1423125076;1;2026;Anheizen
1423125077;1;2021;Heizen
1423128679;1;2006;Heizen
1423142966;1;2028;Isoliertür offen
1423143015;1;2021;Heizen
1423143017;1;2006;Heizen
1423156902;1;2007;Glutabbrand
1423157024;1;2012;Bereit
1423209527;1;2025;Isoliertür offen
1423209529;1;2026;Anheizen
1423209532;1;2012;Bereit
1423209549;1;2025;Isoliertür offen
1423210005;1;2026;Anheizen
1423210009;1;2021;Heizen
1423213611;1;2006;Heizen
1423229367;1;2028;Isoliertür offen
1423229443;1;2021;Heizen
1423229445;1;2006;Heizen
1423243661;1;2007;Glutabbrand
1423243783;1;2012;Bereit
1423294298;1;2025;Isoliertür offen
1423294654;1;2026;Anheizen
1423294655;1;2021;Heizen
1423298257;1;2006;Heizen
1423316075;1;2028;Isoliertür offen
1423316125;1;2021;Heizen
1423316127;1;2006;Heizen
1423316283;1;2028;Isoliertür offen
1423316305;1;2021;Heizen
1423316307;1;2006;Heizen
1423327954;1;2028;Isoliertür offen
1423328006;1;2021;Heizen
1423328008;1;2006;Heizen
1423339883;1;2007;Glutabbrand
1423340005;1;2012;Bereit
1423388987;1;2012;Bereit
1423389431;1;2025;Isoliertür offen
1423390049;1;2026;Anheizen
1423390191;1;2021;Heizen
1423393792;1;2006;Heizen
1423406634;1;2028;Isoliertür offen
1423406649;1;2021;Heizen
1423406651;1;2006;Heizen
1423408565;1;2028;Isoliertür offen
1423408619;1;2021;Heizen
1423408621;1;2006;Heizen
1423420679;1;2028;Isoliertür offen
1423420751;1;2021;Heizen
1423420753;1;2006;Heizen
1423425914;1;2007;Glutabbrand
1423426036;1;2012;Bereit
1423477289;1;2025;Isoliertür offen
1423478391;1;2026;Anheizen
1423478392;1;2021;Heizen
1423481995;1;2006;Heizen
1423493907;1;2028;Isoliertür offen
1423493929;1;2021;Heizen
1423493931;1;2006;Heizen
1423510946;1;2007;Glutabbrand
1423511068;1;2012;Bereit
1423564663;1;2025;Isoliertür offen
1423565353;1;2026;Anheizen
1423565424;1;2021;Heizen
1423569025;1;2006;Heizen
1423588487;1;2007;Glutabbrand
1423588609;1;2012;Bereit
1423644030;1;2025;Isoliertür offen
1423644737;1;2026;Anheizen
1423644738;1;2021;Heizen
1423648340;1;2006;Heizen
1423669245;1;2028;Isoliertür offen
1423669264;1;2021;Heizen
1423669266;1;2006;Heizen
1423673792;1;2007;Glutabbrand
1423673914;1;2012;Bereit
1423730349;1;2025;Isoliertür offen
1423731441;1;2026;Anheizen
1423731602;1;2021;Heizen
1423735204;1;2006;Heizen
1423750777;1;2028;Isoliertür offen
1423750789;1;2021;Heizen
1423750791;1;2006;Heizen
1423754768;1;2028;Isoliertür offen
1423754786;1;2021;Heizen
1423754788;1;2006;Heizen
1423754811;1;2028;Isoliertür offen
1423754829;1;2021;Heizen
1423754831;1;2006;Heizen
1423760875;1;2007;Glutabbrand
1423760997;1;2012;Bereit
1423818580;1;2025;Isoliertür offen
1423819269;1;2026;Anheizen
1423819270;1;2021;Heizen
1423822871;1;2006;Heizen
1423839849;1;2028;Isoliertür offen
1423839966;1;2021;Heizen
1423839968;1;2006;Heizen
1423849028;1;2007;Glutabbrand
1423849150;1;2012;Bereit
1423908741;1;2025;Isoliertür offen
1423908744;1;2026;Anheizen
1423908745;1;2012;Bereit
1423908761;1;2025;Isoliertür offen
1423909190;1;2026;Anheizen
1423909197;1;2021;Heizen
1423912798;1;2006;Heizen
1423930292;1;2028;Isoliertür offen
1423930299;1;2021;Heizen
1423930301;1;2006;Heizen
1423932857;1;2028;Isoliertür offen
1423932889;1;2021;Heizen
1423932891;1;2006;Heizen
1423939375;1;2007;Glutabbrand
1423939497;1;2012;Bereit
1423999711;1;2025;Isoliertür offen
1424000617;1;2026;Anheizen
1424000618;1;2021;Heizen
1424004219;1;2006;Heizen
1424021666;1;2028;Isoliertür offen
1424021699;1;2021;Heizen
1424021701;1;2006;Heizen
1424028856;1;2007;Glutabbrand
1424028979;1;2012;Bereit
1424087454;1;2025;Isoliertür offen
1424087930;1;2026;Anheizen
1424087979;1;2021;Heizen
1424091581;1;2006;Heizen
1424109990;1;2028;Isoliertür offen
1424110018;1;2021;Heizen
1424110020;1;2006;Heizen
1424110059;1;2028;Isoliertür offen
1424110082;1;2021;Heizen
1424110084;1;2006;Heizen
1424117851;1;2007;Glutabbrand
1424117973;1;2012;Bereit
1424176743;1;2025;Isoliertür offen
1424176745;1;2026;Anheizen
1424176746;1;2012;Bereit
1424176764;1;2025;Isoliertür offen
1424177214;1;2026;Anheizen
1424177215;1;2021;Heizen
1424180817;1;2006;Heizen
1424203570;1;2007;Glutabbrand
1424203692;1;2012;Bereit
1424254119;1;2025;Isoliertür offen
1424254545;1;2026;Anheizen
1424254546;1;2021;Heizen
1424258148;1;2006;Heizen
1424277786;1;2028;Isoliertür offen
1424277820;1;2021;Heizen
1424277822;1;2006;Heizen
1424280962;1;2007;Glutabbrand
1424281084;1;2012;Bereit
1424337496;1;2025;Isoliertür offen
1424338110;1;2026;Anheizen
1424338111;1;2021;Heizen
1424341714;1;2006;Heizen
1424361294;1;2007;Glutabbrand
1424361416;1;2012;Bereit
1424413088;1;2025;Isoliertür offen
1424413708;1;2026;Anheizen
1424413709;1;2021;Heizen
1424417311;1;2006;Heizen
1424439168;1;2007;Glutabbrand
1424439290;1;2012;Bereit
1424500375;1;2025;Isoliertür offen
1424500901;1;2026;Anheizen
1424500930;1;2021;Heizen
1424504532;1;2006;Heizen
1424521453;1;2028;Isoliertür offen
1424521524;1;2021;Heizen
1424521526;1;2006;Heizen
1424528155;1;2007;Glutabbrand
1424528277;1;2012;Bereit
1424528303;1;2025;Isoliertür offen
1424528387;1;2026;Anheizen
1424528388;1;2021;Heizen
1424531990;1;2006;Heizen
1424534189;1;2007;Glutabbrand
1424534311;1;2012;Bereit
1424595548;1;2025;Isoliertür offen
1424596065;1;2026;Anheizen
1424596066;1;2021;Heizen
1424599668;1;2006;Heizen
1424615056;1;2028;Isoliertür offen
1424615089;1;2021;Heizen
1424615091;1;2006;Heizen
1424621679;1;2007;Glutabbrand
1424621801;1;2012;Bereit
1424689750;1;2025;Isoliertür offen
1424690295;1;2026;Anheizen
1424690296;1;2021;Heizen
1424690354;1;2028;Isoliertür offen
1424690397;1;2021;Heizen
1424693942;1;2006;Heizen
1424714327;1;2028;Isoliertür offen
1424714377;1;2021;Heizen
1424714379;1;2006;Heizen
1424714398;1;2028;Isoliertür offen
1424714410;1;2021;Heizen
1424714412;1;2006;Heizen
1424720218;1;2007;Glutabbrand
1424720340;1;2012;Bereit
1424727211;1;2025;Isoliertür offen
1424727222;1;2026;Anheizen
1424727223;1;2012;Bereit
1424791387;1;2025;Isoliertür offen
1424791393;1;2026;Anheizen
1424791404;1;2012;Bereit
1424791424;1;2025;Isoliertür offen
1424791910;1;2026;Anheizen
1424791911;1;2021;Heizen
1424795513;1;2006;Heizen
1424816132;1;2007;Glutabbrand
1424816254;1;2012;Bereit
1424870720;1;2025;Isoliertür offen
1424871097;1;2026;Anheizen
1424871098;1;2021;Heizen
1424874699;1;2006;Heizen
1424880440;1;2028;Isoliertür offen
1424880454;1;2021;Heizen
1424880456;1;2006;Heizen
1424896215;1;2007;Glutabbrand
1424896337;1;2012;Bereit
1424949445;1;2025;Isoliertür offen
1424949518;1;2025;Isoliertür offen
1424949923;1;2026;Anheizen
1424949935;1;2021;Heizen
1424953537;1;2006;Heizen
1424959484;1;2028;Isoliertür offen
1424959501;1;2021;Heizen
1424959503;1;2006;Heizen
1424976886;1;2007;Glutabbrand
1424977007;1;2012;Bereit
1425053391;1;2025;Isoliertür offen
1425054303;1;2026;Anheizen
1425054304;1;2021;Heizen
1425057906;1;2006;Heizen
1425074906;1;2007;Glutabbrand
1425075028;1;2012;Bereit
1425122904;1;2025;Isoliertür offen
1425122908;1;2026;Anheizen
1425122910;1;2012;Bereit
1425122917;1;2025;Isoliertür offen
1425122918;1;2026;Anheizen
1425122920;1;2012;Bereit
1425129192;1;2025;Isoliertür offen
1425129873;1;2026;Anheizen
1425129874;1;2021;Heizen
1425133477;1;2006;Heizen
1425155320;1;2007;Glutabbrand
1425155442;1;2012;Bereit
1425216469;1;2025;Isoliertür offen
1425216970;1;2026;Anheizen
1425216971;1;2021;Heizen
1425220572;1;2006;Heizen
1425239609;1;2007;Glutabbrand
1425239731;1;2012;Bereit
1425294291;1;2025;Isoliertür offen
1425294903;1;2026;Anheizen
1425294977;1;2012;Bereit
1425308062;1;2025;Isoliertür offen
1425308211;1;2026;Anheizen
1425308212;1;2021;Heizen
1425311814;1;2006;Heizen
1425328235;1;2029;Übertemperatur
1425328898;1;2026;Anheizen
1425328899;1;2021;Heizen
1425328901;1;2006;Heizen
1425331884;1;2007;Glutabbrand
1425332006;1;2012;Bereit
1425334443;1;2025;Isoliertür offen
1425334444;1;2026;Anheizen
1425334514;1;2012;Bereit
1425381305;1;2025;Isoliertür offen
1425381314;1;2026;Anheizen
1425381317;1;2012;Bereit
1425382954;1;2012;Bereit
1425402504;1;2025;Isoliertür offen
1425402926;1;2026;Anheizen
1425402927;1;2021;Heizen
1425406530;1;2006;Heizen
1425429121;1;2007;Glutabbrand
1425432723;1;2020;Lambdasonde kalibrieren
1425443247;1;2012;Bereit
1425504091;1;2012;Bereit
1425511735;1;2025;Isoliertür offen
1425512590;1;2026;Anheizen
1425512736;1;2021;Heizen
1425516337;1;2006;Heizen
1425534926;1;2007;Glutabbrand
1425535049;1;2012;Bereit
1425580360;1;2012;Bereit
1425592591;1;2025;Isoliertür offen
1425592744;1;2026;Anheizen
1425592745;1;2021;Heizen
1425596347;1;2006;Heizen
1425618869;1;2007;Glutabbrand
1425618992;1;2012;Bereit
1425639700;1;2012;Bereit
1425664823;1;2012;Bereit
1425703460;1;2025;Isoliertür offen
1425703749;1;2026;Anheizen
1425703750;1;2021;Heizen
1425707351;1;2006;Heizen
1425730996;1;2007;Glutabbrand
1425731118;1;2012;Bereit
1425754575;1;2025;Isoliertür offen
1425754598;1;2026;Anheizen
1425755031;1;2026;Anheizen
1425755038;1;2012;Bereit
1425792349;1;2025;Isoliertür offen
1425792529;1;2026;Anheizen
1425792530;1;2021;Heizen
1425796133;1;2006;Heizen
1425816558;1;2028;Isoliertür offen
1425816666;1;2021;Heizen
1425816668;1;2006;Heizen
1425821331;1;2007;Glutabbrand
1425821452;1;2012;Bereit
1425838353;1;2025;Isoliertür offen
1425838360;1;2026;Anheizen
1425838369;1;2025;Isoliertür offen
1425838375;1;2026;Anheizen
1425838377;1;2012;Bereit
1425897227;1;2025;Isoliertür offen
1425898011;1;2026;Anheizen
1425898012;1;2021;Heizen
1425901613;1;2006;Heizen
1425922466;1;2028;Isoliertür offen
1425922503;1;2021;Heizen
1425922505;1;2006;Heizen
1425927910;1;2007;Glutabbrand
1425928032;1;2012;Bereit
1426013125;1;2025;Isoliertür offen
1426013601;1;2026;Anheizen
1426013602;1;2021;Heizen
1426017203;1;2006;Heizen
1426039081;1;2007;Glutabbrand
1426042683;1;2020;Lambdasonde kalibrieren
1426053206;1;2012;Bereit
1426143742;1;2025;Isoliertür offen
1426144319;1;2026;Anheizen
1426144941;1;2025;Isoliertür offen
1426145029;1;2026;Anheizen
1426145264;1;2021;Heizen
1426148866;1;2006;Heizen
1426167992;1;2007;Glutabbrand
1426168115;1;2012;Bereit
1426233884;1;2025;Isoliertür offen
1426234478;1;2026;Anheizen
1426234479;1;2021;Heizen
1426238081;1;2006;Heizen
1426248532;1;2028;Isoliertür offen
1426248541;1;2021;Heizen
1426248543;1;2006;Heizen
1426250612;1;2028;Isoliertür offen
1426250659;1;2021;Heizen
1426250661;1;2006;Heizen
1426260149;1;2028;Isoliertür offen
1426260159;1;2021;Heizen
1426260160;1;2028;Isoliertür offen
1426260177;1;2021;Heizen
1426260179;1;2006;Heizen
1426267547;1;2028;Isoliertür offen
1426267573;1;2021;Heizen
1426267575;1;2006;Heizen
1426268577;1;2007;Glutabbrand
1426268699;1;2012;Bereit
1426340958;1;2012;Bereit
1426351044;1;2025;Isoliertür offen
1426351310;1;2026;Anheizen
1426351311;1;2021;Heizen
1426354913;1;2006;Heizen
1426375967;1;2007;Glutabbrand
1426379569;1;2020;Lambdasonde kalibrieren
1426390092;1;2012;Bereit
1426442809;1;2025;Isoliertür offen
1426443203;1;2026;Anheizen
1426443204;1;2012;Bereit
1426454726;1;2025;Isoliertür offen
1426455289;1;2026;Anheizen
1426455499;1;2021;Heizen
1426459101;1;2006;Heizen
1426479868;1;2007;Glutabbrand
1426479990;1;2012;Bereit
1426517577;1;2025;Isoliertür offen
1426517582;1;2026;Anheizen
1426518031;1;2012;Bereit
1426530729;1;2025;Isoliertür offen
1426531187;1;2026;Anheizen
1426531189;1;2012;Bereit
1426572733;1;2025;Isoliertür offen
1426572989;1;2026;Anheizen
1426572990;1;2021;Heizen
1426576592;1;2006;Heizen
1426600242;1;2028;Isoliertür offen
1426600275;1;2021;Heizen
1426600277;1;2006;Heizen
1426603589;1;2007;Glutabbrand
1426603711;1;2012;Bereit
1426751853;1;2025;Isoliertür offen
1426752238;1;2026;Anheizen
1426752239;1;2021;Heizen
1426755842;1;2006;Heizen
1426776257;1;2028;Isoliertür offen
1426776281;1;2021;Heizen
1426776283;1;2006;Heizen
1426778879;1;2028;Isoliertür offen
1426778915;1;2021;Heizen
1426778917;1;2006;Heizen
1426782031;1;2007;Glutabbrand
1426782153;1;2012;Bereit
1426921690;1;2025;Isoliertür offen
1426922143;1;2026;Anheizen
1426922144;1;2021;Heizen
1426925746;1;2006;Heizen
1426939360;1;2028;Isoliertür offen
1426939381;1;2021;Heizen
1426939383;1;2006;Heizen
1426947679;1;2007;Glutabbrand
1426947801;1;2012;Bereit
1426950672;1;2025;Isoliertür offen
1426950708;1;2026;Anheizen
1426950710;1;2012;Bereit
1427024631;1;2025;Isoliertür offen
1427025135;1;2026;Anheizen
1427025136;1;2021;Heizen
1427028738;1;2006;Heizen
1427045230;1;2028;Isoliertür offen
1427045276;1;2021;Heizen
1427045278;1;2006;Heizen
1427056270;1;2007;Glutabbrand
1427056392;1;2012;Bereit
1427060642;1;2012;Bereit
1427103331;1;2012;Bereit
1427179400;1;2025;Isoliertür offen
1427180069;1;2026;Anheizen
1427180070;1;2021;Heizen
1427183672;1;2006;Heizen
1427198365;1;2028;Isoliertür offen
1427198406;1;2021;Heizen
1427198408;1;2006;Heizen
1427208270;1;2007;Glutabbrand
1427208392;1;2012;Bereit
1427289821;1;2025;Isoliertür offen
1427290076;1;2026;Anheizen
1427290077;1;2012;Bereit
1427300031;1;2025;Isoliertür offen
1427300212;1;2026;Anheizen
1427300213;1;2021;Heizen
1427303815;1;2006;Heizen
1427321536;1;2028;Isoliertür offen
1427321553;1;2021;Heizen
1427321555;1;2006;Heizen
1427327633;1;2007;Glutabbrand
1427327754;1;2012;Bereit
1427442991;1;2025;Isoliertür offen
1427443291;1;2026;Anheizen
1427443292;1;2021;Heizen
1427446894;1;2006;Heizen
1427463325;1;2028;Isoliertür offen
1427463352;1;2021;Heizen
1427463354;1;2006;Heizen
1427475305;1;2007;Glutabbrand
1427475427;1;2012;Bereit
1427541731;1;2025;Isoliertür offen
1427541750;1;2026;Anheizen
1427541760;1;2012;Bereit
1427560528;1;2025;Isoliertür offen
1427561034;1;2026;Anheizen
1427561035;1;2021;Heizen
1427564637;1;2006;Heizen
1427589331;1;2007;Glutabbrand
1427589453;1;2012;Bereit
1427721778;1;2025;Isoliertür offen
1427722482;1;2026;Anheizen
1427722483;1;2021;Heizen
1427726086;1;2006;Heizen
1427736929;1;2028;Isoliertür offen
1427736951;1;2021;Heizen
1427736953;1;2006;Heizen
1427746673;1;2028;Isoliertür offen
1427746698;1;2021;Heizen
1427746700;1;2006;Heizen
1427751103;1;2007;Glutabbrand
1427751225;1;2012;Bereit
1427882334;1;2025;Isoliertür offen
1427883007;1;2026;Anheizen
1427883008;1;2021;Heizen
1427886610;1;2006;Heizen
1427907298;1;2007;Glutabbrand
1427907354;1;2028;Isoliertür offen
1427907404;1;2021;Heizen
1427908673;1;2028;Isoliertür offen
1427908690;1;2021;Heizen
1427911023;1;2006;Heizen
1427913725;1;2007;Glutabbrand
1427913846;1;2012;Bereit
1427924762;1;2025;Isoliertür offen
1427924774;1;2026;Anheizen
1427924777;1;2012;Bereit
1427990604;1;2025;Isoliertür offen
1427991141;1;2026;Anheizen
1427991254;1;2021;Heizen
1427994857;1;2006;Heizen
1428012276;1;2028;Isoliertür offen
1428012292;1;2021;Heizen
1428012294;1;2006;Heizen
1428015893;1;2007;Glutabbrand
1428016015;1;2012;Bereit
1428132491;1;2025;Isoliertür offen
1428133291;1;2026;Anheizen
1428133292;1;2021;Heizen
1428136895;1;2006;Heizen
1428159520;1;2028;Isoliertür offen
1428159562;1;2021;Heizen
1428159564;1;2006;Heizen
1428162371;1;2028;Isoliertür offen
1428162395;1;2021;Heizen
1428162397;1;2006;Heizen
1428162499;1;2028;Isoliertür offen
1428162540;1;2021;Heizen
1428162542;1;2006;Heizen
1428169221;1;2007;Glutabbrand
1428169343;1;2012;Bereit
1428263952;1;2025;Isoliertür offen
1428264509;1;2026;Anheizen
1428264510;1;2021;Heizen
1428268111;1;2006;Heizen
1428288962;1;2007;Glutabbrand
1428289083;1;2012;Bereit
1428391806;1;2025;Isoliertür offen
1428392295;1;2026;Anheizen
1428392296;1;2021;Heizen
1428395898;1;2006;Heizen
1428411278;1;2028;Isoliertür offen
1428411317;1;2021;Heizen
1428411319;1;2006;Heizen
1428422605;1;2007;Glutabbrand
1428422728;1;2012;Bereit
1428514278;1;2025;Isoliertür offen
1428514701;1;2026;Anheizen
1428514702;1;2021;Heizen
1428518304;1;2006;Heizen
1428538497;1;2007;Glutabbrand
1428538619;1;2012;Bereit
1428655085;1;2025;Isoliertür offen
1428655992;1;2026;Anheizen
1428655993;1;2021;Heizen
1428659595;1;2006;Heizen
1428678146;1;2007;Glutabbrand
1428678268;1;2012;Bereit
1428865770;1;2025;Isoliertür offen
1428866347;1;2026;Anheizen
1428866348;1;2021;Heizen
1428869951;1;2006;Heizen
1428887372;1;2007;Glutabbrand
1428887494;1;2012;Bereit
1429002363;1;2025;Isoliertür offen
1429003074;1;2026;Anheizen
1429003076;1;2012;Bereit
1429006370;1;2025;Isoliertür offen
1429007077;1;2026;Anheizen
1429007078;1;2012;Bereit
1429049538;1;2025;Isoliertür offen
1429050141;1;2026;Anheizen
1429050142;1;2021;Heizen
1429053744;1;2006;Heizen
1429077781;1;2007;Glutabbrand
1429077903;1;2012;Bereit
1429309200;1;2012;Bereit
1429341382;1;2025;Isoliertür offen
1429342111;1;2026;Anheizen
1429342112;1;2021;Heizen
1429345714;1;2006;Heizen
1429366061;1;2007;Glutabbrand
1429366183;1;2012;Bereit
1429466331;1;2025;Isoliertür offen
1429466432;1;2026;Anheizen
1429466433;1;2025;Isoliertür offen
1429466617;1;2026;Anheizen
1429466618;1;2012;Bereit
1429505093;1;2025;Isoliertür offen
1429505350;1;2026;Anheizen
1429505401;1;2025;Isoliertür offen
1429505447;1;2026;Anheizen
1429505448;1;2021;Heizen
1429509049;1;2006;Heizen
1429531366;1;2007;Glutabbrand
1429531488;1;2012;Bereit
1429680473;1;2025;Isoliertür offen
1429680989;1;2026;Anheizen
1429680990;1;2021;Heizen
1429684593;1;2006;Heizen
1429693472;1;2028;Isoliertür offen
1429693515;1;2021;Heizen
1429693517;1;2006;Heizen
1429699942;1;2007;Glutabbrand
1429700064;1;2012;Bereit
1429853283;1;2025;Isoliertür offen
1429853644;1;2026;Anheizen
1429853645;1;2021;Heizen
1429857247;1;2006;Heizen
1429876267;1;2007;Glutabbrand
1429876390;1;2012;Bereit
1430060590;1;2025;Isoliertür offen
1430061171;1;2026;Anheizen
1430061172;1;2021;Heizen
1430064773;1;2006;Heizen
1430084932;1;2007;Glutabbrand
1430085054;1;2012;Bereit
1430287882;1;2025;Isoliertür offen
1430288355;1;2026;Anheizen
1430288356;1;2021;Heizen
1430291957;1;2006;Heizen
1430308222;1;2007;Glutabbrand
1430308344;1;2012;Bereit
1430471182;1;2025;Isoliertür offen
1430471910;1;2026;Anheizen
1430471911;1;2021;Heizen
1430475513;1;2006;Heizen
1430492477;1;2028;Isoliertür offen
1430492514;1;2021;Heizen
1430492516;1;2006;Heizen
1430498783;1;2007;Glutabbrand
1430502384;1;2012;Bereit
1430728941;1;2025;Isoliertür offen
1430730062;1;2026;Anheizen
1430730063;1;2021;Heizen
1430733665;1;2006;Heizen
1430756047;1;2007;Glutabbrand
1430756169;1;2012;Bereit
1430999432;1;2025;Isoliertür offen
1430999966;1;2026;Anheizen
1430999967;1;2021;Heizen
1431003569;1;2006;Heizen
1431018183;1;2028;Isoliertür offen
1431018264;1;2021;Heizen
1431018266;1;2006;Heizen
1431021760;1;2007;Glutabbrand
1431021882;1;2012;Bereit
1431188169;1;2025;Isoliertür offen
1431188175;1;2026;Anheizen
1431188179;1;2012;Bereit
1431282305;1;2025;Isoliertür offen
1431282762;1;2026;Anheizen
1431282763;1;2021;Heizen
1431286365;1;2006;Heizen
1431304229;1;2007;Glutabbrand
1431304351;1;2012;Bereit
1431667334;1;2025;Isoliertür offen
1431667814;1;2026;Anheizen
1431667815;1;2021;Heizen
1431671418;1;2006;Heizen
1431692188;1;2007;Glutabbrand
1431692310;1;2012;Bereit
1432015986;1;2025;Isoliertür offen
1432016659;1;2026;Anheizen
1432016661;1;2025;Isoliertür offen
1432016666;1;2026;Anheizen
1432016667;1;2012;Bereit
1432016685;1;2025;Isoliertür offen
1432017311;1;2026;Anheizen
1432017312;1;2021;Heizen
1432020914;1;2006;Heizen
1432041729;1;2007;Glutabbrand
1432041851;1;2012;Bereit
1432230285;1;2025;Isoliertür offen
1432230491;1;2026;Anheizen
1432230492;1;2012;Bereit
1432276450;1;2025;Isoliertür offen
1432276781;1;2026;Anheizen
1432276782;1;2021;Heizen
1432280384;1;2006;Heizen
1432298767;1;2007;Glutabbrand
1432298889;1;2012;Bereit
1432564791;1;2025;Isoliertür offen
1432564794;1;2026;Anheizen
1432564796;1;2012;Bereit
1432564835;1;2025;Isoliertür offen
1432565509;1;2026;Anheizen
1432565510;1;2021;Heizen
1432568375;1;2028;Isoliertür offen
1432568388;1;2021;Heizen
1432569126;1;2006;Heizen
1432592582;1;2007;Glutabbrand
1432592704;1;2012;Bereit
1432817131;1;2025;Isoliertür offen
1432817766;1;2026;Anheizen
1432817767;1;2021;Heizen
1432821369;1;2006;Heizen
1432832671;1;2028;Isoliertür offen
1432832702;1;2021;Heizen
1432832704;1;2006;Heizen
1432839770;1;2007;Glutabbrand
1432839892;1;2012;Bereit
1433099202;1;2025;Isoliertür offen
1433099874;1;2026;Anheizen
1433099875;1;2021;Heizen
1433100097;1;2028;Isoliertür offen
1433100107;1;2021;Heizen
1433103487;1;2006;Heizen
1433120889;1;2007;Glutabbrand
1433121011;1;2012;Bereit
1433442073;1;2025;Isoliertür offen
1433442698;1;2026;Anheizen
1433442699;1;2021;Heizen
1433446301;1;2006;Heizen
1433463164;1;2007;Glutabbrand
1433463286;1;2012;Bereit
1433917580;1;2025;Isoliertür offen
1433918223;1;2026;Anheizen
1433918224;1;2021;Heizen
1433921826;1;2006;Heizen
1433938226;1;2007;Glutabbrand
1433938348;1;2012;Bereit
1377280465;1;2025;Isoliertür offen
1377280950;1;2026;Anheizen
1377280983;1;2025;Isoliertür offen
1377281025;1;2026;Anheizen
1377281261;1;2021;Heizen
1377283515;1;2029;Übertemperatur
1377284726;1;2026;Anheizen
1377284741;1;2021;Heizen
1377284825;1;2028;Isoliertür offen
1377284868;1;2021;Heizen
1377284961;1;2026;Anheizen
1377285054;1;2021;Heizen
1377288655;1;2006;Heizen
1377302164;1;2007;Glutabbrand
1377302286;1;2012;Bereit
1377596068;1;2025;Isoliertür offen
1377596692;1;2026;Anheizen
1377596693;1;2021;Heizen
1377600295;1;2006;Heizen
1377613623;1;2007;Glutabbrand
1377613746;1;2012;Bereit
1377853347;1;2025;Isoliertür offen
1377854273;1;2026;Anheizen
1377854274;1;2021;Heizen
1377857875;1;2006;Heizen
1377868988;1;2007;Glutabbrand
1377869110;1;2012;Bereit
1377882684;1;2025;Isoliertür offen
1377882693;1;2026;Anheizen
1377882696;1;2012;Bereit
1378051849;1;2025;Isoliertür offen
1378052324;1;2026;Anheizen
1378052325;1;2021;Heizen
1378055926;1;2006;Heizen
1378073134;1;2007;Glutabbrand
1378073255;1;2012;Bereit
1378314070;1;2025;Isoliertür offen
1378314233;1;2026;Anheizen
1378314234;1;2012;Bereit
1378369555;1;2025;Isoliertür offen
1378369834;1;2026;Anheizen
1378369835;1;2021;Heizen
1378373436;1;2006;Heizen
1378386230;1;2028;Isoliertür offen
1378386245;1;2021;Heizen
1378386247;1;2006;Heizen
1378391295;1;2007;Glutabbrand
1378391417;1;2012;Bereit
1378839434;1;2025;Isoliertür offen
1378839839;1;2026;Anheizen
1378839840;1;2021;Heizen
1378843442;1;2006;Heizen
1378856932;1;2007;Glutabbrand
1378857054;1;2012;Bereit
1379369246;1;2025;Isoliertür offen
1379369681;1;2026;Anheizen
1379369682;1;2021;Heizen
1379373284;1;2006;Heizen
1379391189;1;2007;Glutabbrand
1379391311;1;2012;Bereit
1379927697;1;2025;Isoliertür offen
1379927949;1;2026;Anheizen
1379927950;1;2021;Heizen
1379929044;1;2028;Isoliertür offen
1379929081;1;2021;Heizen
1379931589;1;2006;Heizen
1379936295;1;2028;Isoliertür offen
1379936307;1;2021;Heizen
1379936309;1;2006;Heizen
1379946814;1;2028;Isoliertür offen
1379946830;1;2021;Heizen
1379946832;1;2006;Heizen
1379950751;1;2007;Glutabbrand
1379950873;1;2012;Bereit
1380462792;1;2025;Isoliertür offen
1380463251;1;2026;Anheizen
1380463252;1;2021;Heizen
1380466853;1;2006;Heizen
1380475386;1;2028;Isoliertür offen
1380475400;1;2021;Heizen
1380475402;1;2006;Heizen
1380476015;1;2028;Isoliertür offen
1380476033;1;2021;Heizen
1380476035;1;2006;Heizen
1380483730;1;2007;Glutabbrand
1380483853;1;2012;Bereit
1380732301;1;2012;Bereit
1381836218;1;2012;Bereit
1382356002;1;2025;Isoliertür offen
1382356008;1;2026;Anheizen
1382356015;1;2012;Bereit
1382356043;1;2025;Isoliertür offen
1382356789;1;2026;Anheizen
1382356790;1;2021;Heizen
1382360392;1;2006;Heizen
1382371594;1;2028;Isoliertür offen
1382371626;1;2021;Heizen
1382371628;1;2006;Heizen
1382372749;1;2028;Isoliertür offen
1382372772;1;2021;Heizen
1382372774;1;2006;Heizen
1382375707;1;2007;Glutabbrand
1382375829;1;2012;Bereit
1382860760;1;2025;Isoliertür offen
1382860771;1;2026;Anheizen
1382860774;1;2012;Bereit
1382860859;1;2025;Isoliertür offen
1382861414;1;2026;Anheizen
1382861415;1;2021;Heizen
1382862697;1;2028;Isoliertür offen
1382862719;1;2021;Heizen
1382865040;1;2006;Heizen
1382880177;1;2007;Glutabbrand
1382880299;1;2012;Bereit
1383287361;1;2025;Isoliertür offen
1383287752;1;2026;Anheizen
1383287753;1;2021;Heizen
1383291355;1;2006;Heizen
1383303079;1;2007;Glutabbrand
1383303200;1;2012;Bereit
1383574300;1;2012;Bereit
1383574336;1;2025;Isoliertür offen
1383574853;1;2026;Anheizen
1383574854;1;2021;Heizen
1383574869;1;2028;Isoliertür offen
1383574883;1;2021;Heizen
1383578471;1;2006;Heizen
1383593650;1;2007;Glutabbrand
1383593772;1;2012;Bereit
1384013744;1;2025;Isoliertür offen
1384014409;1;2026;Anheizen
1384014410;1;2021;Heizen
1384015218;1;2028;Isoliertür offen
1384015227;1;2021;Heizen
1384016627;1;2028;Isoliertür offen
1384016636;1;2021;Heizen
1384018033;1;2006;Heizen
1384033083;1;2007;Glutabbrand
1384033205;1;2012;Bereit
1384421433;1;2025;Isoliertür offen
1384422114;1;2026;Anheizen
1384422115;1;2021;Heizen
1384425718;1;2006;Heizen
1384429904;1;2028;Isoliertür offen
1384429911;1;2021;Heizen
1384429913;1;2006;Heizen
1384436831;1;2007;Glutabbrand
1384436953;1;2012;Bereit
1384598273;1;2025;Isoliertür offen
1384598808;1;2026;Anheizen
1384598809;1;2021;Heizen
1441630405;1;2006;Heizen
1441631666;1;2028;Isoliertür offen
1441631677;1;2021;Heizen
1441631679;1;2006;Heizen
1441649562;1;2007;Glutabbrand
1441649684;1;2012;Bereit
1441873995;1;2025;Isoliertür offen
1441874367;1;2026;Anheizen
1441874368;1;2021;Heizen
1441877971;1;2006;Heizen
1441895161;1;2007;Glutabbrand
1441895283;1;2012;Bereit
1442050722;1;2025;Isoliertür offen
1442051156;1;2026;Anheizen
1442051157;1;2021;Heizen
1442054758;1;2006;Heizen
1442074176;1;2007;Glutabbrand
1442074298;1;2012;Bereit
1442393696;1;2025;Isoliertür offen
1442395756;1;2025;Isoliertür offen
1442396084;1;2026;Anheizen
1442396085;1;2021;Heizen
1442399686;1;2006;Heizen
1442401556;1;2028;Isoliertür offen
1442401569;1;2021;Heizen
1442401571;1;2006;Heizen
1442417129;1;2007;Glutabbrand
1442417251;1;2012;Bereit
1442647696;1;2025;Isoliertür offen
1442648147;1;2026;Anheizen
1442648148;1;2021;Heizen
1442651750;1;2006;Heizen
1442660242;1;2028;Isoliertür offen
1442660249;1;2021;Heizen
1442660251;1;2006;Heizen
1442665890;1;2028;Isoliertür offen
1442665952;1;2021;Heizen
1442665954;1;2006;Heizen
1442672184;1;2007;Glutabbrand
1442672306;1;2012;Bereit
1442849720;1;2025;Isoliertür offen
1442850264;1;2026;Anheizen
1442850265;1;2021;Heizen
1442853867;1;2006;Heizen
1442860178;1;2028;Isoliertür offen
1442860192;1;2021;Heizen
1442860194;1;2006;Heizen
1442873891;1;2007;Glutabbrand
1442874013;1;2012;Bereit
1443036821;1;2025;Isoliertür offen
1443036823;1;2026;Anheizen
1443036837;1;2025;Isoliertür offen
1443037408;1;2026;Anheizen
1443037409;1;2021;Heizen
1443041010;1;2006;Heizen
1443062390;1;2007;Glutabbrand
1443062512;1;2012;Bereit
1443219328;1;2025;Isoliertür offen
1443219330;1;2026;Anheizen
1443219338;1;2012;Bereit
1443282529;1;2025;Isoliertür offen
1443283010;1;2026;Anheizen
1443283011;1;2021;Heizen
1443283103;1;2028;Isoliertür offen
1443283147;1;2021;Heizen
1443286657;1;2006;Heizen
1443304289;1;2007;Glutabbrand
1443304412;1;2012;Bereit
1443432465;1;2012;Bereit
1443432712;1;2012;Bereit
1443514139;1;2025;Isoliertür offen
1443514661;1;2026;Anheizen
1443514662;1;2021;Heizen
1443515187;1;2028;Isoliertür offen
1443515216;1;2021;Heizen
1443518294;1;2006;Heizen
1443527274;1;2028;Isoliertür offen
1443527298;1;2021;Heizen
1443527300;1;2006;Heizen
1443538306;1;2007;Glutabbrand
1443538428;1;2012;Bereit
1443686898;1;2025;Isoliertür offen
1443687084;1;2026;Anheizen
1443687085;1;2012;Bereit
1443687162;1;2025;Isoliertür offen
1443687233;1;2026;Anheizen
1443687235;1;2025;Isoliertür offen
1443687463;1;2026;Anheizen
1443687464;1;2021;Heizen
1443691065;1;2006;Heizen
1443703114;1;2028;Isoliertür offen
1443703128;1;2021;Heizen
1443703130;1;2006;Heizen
1443712447;1;2007;Glutabbrand
1443712569;1;2012;Bereit
1443860819;1;2025;Isoliertür offen
1443861280;1;2026;Anheizen
1443861281;1;2021;Heizen
1443864884;1;2006;Heizen
1443883725;1;2028;Isoliertür offen
1443883753;1;2021;Heizen
1443883755;1;2006;Heizen
1443888109;1;2007;Glutabbrand
1443888231;1;2012;Bereit
1444067213;1;2025;Isoliertür offen
1444067551;1;2026;Anheizen
1444067552;1;2012;Bereit
1444108786;1;2025;Isoliertür offen
1444109020;1;2026;Anheizen
1444109021;1;2021;Heizen
1444109305;1;2028;Isoliertür offen
1444109314;1;2021;Heizen
1444112634;1;2006;Heizen
1444134266;1;2007;Glutabbrand
1444134388;1;2012;Bereit
1444333480;1;2025;Isoliertür offen
1444333913;1;2026;Anheizen
1444333914;1;2021;Heizen
1444337516;1;2006;Heizen
1444358313;1;2007;Glutabbrand
1444358435;1;2012;Bereit
1444476935;1;2025;Isoliertür offen
1444477049;1;2026;Anheizen
1444477051;1;2012;Bereit
1444490449;1;2025;Isoliertür offen
1444490685;1;2026;Anheizen
1444490686;1;2012;Bereit
1444501591;1;2012;Bereit
1444501614;1;2025;Isoliertür offen
1444501896;1;2026;Anheizen
1444501897;1;2021;Heizen
1444505499;1;2006;Heizen
1444523050;1;2007;Glutabbrand
1444523172;1;2012;Bereit
1444582771;1;2025;Isoliertür offen
1444582800;1;2026;Anheizen
1444582801;1;2012;Bereit
1444658404;1;2025;Isoliertür offen
1444658429;1;2026;Anheizen
1444658430;1;2012;Bereit
1444658465;1;2025;Isoliertür offen
1444658964;1;2026;Anheizen
1444658965;1;2021;Heizen
1444662567;1;2006;Heizen
1444679209;1;2028;Isoliertür offen
1444679245;1;2021;Heizen
1444679247;1;2006;Heizen
1444683997;1;2007;Glutabbrand
1444684119;1;2012;Bereit
1444803148;1;2025;Isoliertür offen
1444803700;1;2026;Anheizen
1444803701;1;2021;Heizen
1444807303;1;2006;Heizen
1444822308;1;2007;Glutabbrand
1444822430;1;2012;Bereit
1444889992;1;2025;Isoliertür offen
1444890399;1;2026;Anheizen
1444890400;1;2021;Heizen
1444891903;1;2028;Isoliertür offen
1444891904;1;2021;Heizen
1444891968;1;2028;Isoliertür offen
1444891993;1;2021;Heizen
1444892261;1;2028;Isoliertür offen
1444892289;1;2021;Heizen
1444894058;1;2006;Heizen
1444914495;1;2007;Glutabbrand
1444914617;1;2012;Bereit
1444977559;1;2025;Isoliertür offen
1444979059;1;2026;Anheizen
1444979069;1;2021;Heizen
1444982671;1;2006;Heizen
1444992924;1;2028;Isoliertür offen
1444992954;1;2021;Heizen
1444992956;1;2006;Heizen
1444996354;1;2028;Isoliertür offen
1444996361;1;2021;Heizen
1444996363;1;2006;Heizen
1445002969;1;2007;Glutabbrand
1445003091;1;2012;Bereit
1445091490;1;2025;Isoliertür offen
1445091514;1;2026;Anheizen
1445091515;1;2012;Bereit
1445091532;1;2025;Isoliertür offen
1445092049;1;2026;Anheizen
1445092050;1;2021;Heizen
1445095652;1;2006;Heizen
1445110977;1;2028;Isoliertür offen
1445110997;1;2021;Heizen
1445110999;1;2006;Heizen
1445113463;1;2028;Isoliertür offen
1445113519;1;2021;Heizen
1445113521;1;2006;Heizen
1445113582;1;2028;Isoliertür offen
1445113648;1;2021;Heizen
1445113650;1;2006;Heizen
1445117490;1;2028;Isoliertür offen
1445117517;1;2021;Heizen
1445117519;1;2006;Heizen
1445125190;1;2007;Glutabbrand
1445125312;1;2012;Bereit
1445244726;1;2026;Anheizen
1445244740;1;2025;Isoliertür offen
1445244742;1;2026;Anheizen
1445244747;1;2012;Bereit
1445245564;1;2025;Isoliertür offen
1445245572;1;2026;Anheizen
1445245582;1;2012;Bereit
1445245991;1;2025;Isoliertür offen
1445245996;1;2026;Anheizen
1445246013;1;2025;Isoliertür offen
1445246021;1;2026;Anheizen
1445246025;1;2012;Bereit
1445252031;1;2025;Isoliertür offen
1445252861;1;2026;Anheizen
1445252862;1;2021;Heizen
1445253024;1;2028;Isoliertür offen
1445253078;1;2021;Heizen
1445253364;1;2028;Isoliertür offen
1445253371;1;2021;Heizen
1445256527;1;2006;Heizen
1445277304;1;2007;Glutabbrand
1445277426;1;2012;Bereit
1445378868;1;2025;Isoliertür offen
1445379219;1;2026;Anheizen
1445379220;1;2021;Heizen
1445382823;1;2006;Heizen
1445405005;1;2007;Glutabbrand
1445405127;1;2012;Bereit
1445514612;1;2025;Isoliertür offen
1445514866;1;2026;Anheizen
1445514868;1;2012;Bereit
1445514947;1;2025;Isoliertür offen
1445515058;1;2026;Anheizen
1445515063;1;2025;Isoliertür offen
1445515065;1;2026;Anheizen
1445515068;1;2025;Isoliertür offen
1445515069;1;2026;Anheizen
1445515073;1;2025;Isoliertür offen
1445515076;1;2026;Anheizen
1445515128;1;2025;Isoliertür offen
1445515139;1;2026;Anheizen
1445515141;1;2025;Isoliertür offen
1445515142;1;2026;Anheizen
1445515150;1;2025;Isoliertür offen
1445515271;1;2026;Anheizen
1445515281;1;2025;Isoliertür offen
1445515285;1;2026;Anheizen
1445515288;1;2025;Isoliertür offen
1445515295;1;2026;Anheizen
1445515296;1;2025;Isoliertür offen
1445515316;1;2026;Anheizen
1445515325;1;2025;Isoliertür offen
1445515345;1;2026;Anheizen
1445515347;1;2025;Isoliertür offen
1445515560;1;2026;Anheizen
1445515567;1;2025;Isoliertür offen
1445515627;1;2026;Anheizen
1445515646;1;2021;Heizen
1445515824;1;2028;Isoliertür offen
1445515825;1;2021;Heizen
1445515826;1;2028;Isoliertür offen
1445515828;1;2021;Heizen
1445519252;1;2006;Heizen
1445540498;1;2007;Glutabbrand
1445540620;1;2012;Bereit
1445672706;1;2012;Bereit
1445675665;1;2025;Isoliertür offen
1445675667;1;2026;Anheizen
1445675668;1;2025;Isoliertür offen
1445675669;1;2026;Anheizen
1445675672;1;2012;Bereit
1445675831;1;2025;Isoliertür offen
1445675833;1;2026;Anheizen
1445675834;1;2025;Isoliertür offen
1445675998;1;2026;Anheizen
1445676001;1;2025;Isoliertür offen
1445676221;1;2026;Anheizen
1445676222;1;2021;Heizen
1445679824;1;2006;Heizen
1445697471;1;2028;Isoliertür offen
1445697514;1;2021;Heizen
1445697516;1;2006;Heizen
1445702851;1;2007;Glutabbrand
1445702972;1;2012;Bereit
1445845962;1;2025;Isoliertür offen
1445846783;1;2026;Anheizen
1445846784;1;2021;Heizen
1445846799;1;2028;Isoliertür offen
1445846986;1;2021;Heizen
1445850574;1;2006;Heizen
1445856561;1;2028;Isoliertür offen
1445856607;1;2021;Heizen
1445856609;1;2006;Heizen
1445858629;1;2028;Isoliertür offen
1445858659;1;2021;Heizen
1445858661;1;2006;Heizen
1445868644;1;2028;Isoliertür offen
1445868668;1;2021;Heizen
1445868670;1;2006;Heizen
1445868679;1;2028;Isoliertür offen
1445868698;1;2021;Heizen
1445868700;1;2006;Heizen
1445868719;1;2028;Isoliertür offen
1445868721;1;2021;Heizen
1445868723;1;2006;Heizen
1445872354;1;2007;Glutabbrand
1445872476;1;2012;Bereit
1445873947;1;2025;Isoliertür offen
1445873987;1;2026;Anheizen
1445874050;1;2021;Heizen
1445875095;1;2007;Glutabbrand
1445875216;1;2012;Bereit
1445959277;1;2025;Isoliertür offen
1445959544;1;2026;Anheizen
1445959545;1;2021;Heizen
1445963147;1;2006;Heizen
1445974647;1;2028;Isoliertür offen
1445974676;1;2021;Heizen
1445974678;1;2006;Heizen
1445981323;1;2007;Glutabbrand
1445981445;1;2012;Bereit
1446094376;1;2025;Isoliertür offen
1446094499;1;2026;Anheizen
1446094500;1;2021;Heizen
1446098101;1;2006;Heizen
1446111212;1;2028;Isoliertür offen
1446111287;1;2021;Heizen
1446111289;1;2006;Heizen
1446120923;1;2007;Glutabbrand
1446121045;1;2012;Bereit
1446227567;1;2025;Isoliertür offen
1446227570;1;2026;Anheizen
1446227571;1;2025;Isoliertür offen
1446227572;1;2026;Anheizen
1446227576;1;2012;Bereit
1446229968;1;2012;Bereit
1446233342;1;2012;Bereit
1446281299;1;2025;Isoliertür offen
1446281733;1;2026;Anheizen
1446281734;1;2021;Heizen
1446285054;1;2028;Isoliertür offen
1446285055;1;2021;Heizen
1446285338;1;2006;Heizen
1446304258;1;2028;Isoliertür offen
1446304295;1;2021;Heizen
1446304297;1;2006;Heizen
1446309262;1;2007;Glutabbrand
1446309384;1;2012;Bereit
1446444809;1;2025;Isoliertür offen
1446445302;1;2026;Anheizen
1446445303;1;2021;Heizen
1446448905;1;2006;Heizen
1446465159;1;2028;Isoliertür offen
1446465182;1;2021;Heizen
1446465184;1;2006;Heizen
1446470218;1;2028;Isoliertür offen
1446470269;1;2021;Heizen
1446470271;1;2006;Heizen
1446470961;1;2028;Isoliertür offen
1446470996;1;2021;Heizen
1446470998;1;2006;Heizen
1446471031;1;2028;Isoliertür offen
1446471044;1;2021;Heizen
1446471046;1;2006;Heizen
1446476002;1;2007;Glutabbrand
1446476124;1;2012;Bereit
1446574996;1;2025;Isoliertür offen
1446575425;1;2026;Anheizen
1446575426;1;2021;Heizen
1446579028;1;2006;Heizen
1446599473;1;2007;Glutabbrand
1446603075;1;2020;Lambdasonde kalibrieren
1446613599;1;2012;Bereit
1446704563;1;2025;Isoliertür offen
1446705017;1;2026;Anheizen
1446705346;1;2021;Heizen
1446708948;1;2006;Heizen
1446733705;1;2007;Glutabbrand
1446733827;1;2012;Bereit
1446895540;1;2025;Isoliertür offen
1446895541;1;2026;Anheizen
1446895542;1;2025;Isoliertür offen
1446895545;1;2026;Anheizen
1446895548;1;2012;Bereit
1446895629;1;2025;Isoliertür offen
1446895631;1;2026;Anheizen
1446895633;1;2012;Bereit
1446968914;1;2025;Isoliertür offen
1446969222;1;2026;Anheizen
1446969223;1;2021;Heizen
1446972824;1;2006;Heizen
1446991031;1;2028;Isoliertür offen
1446991051;1;2021;Heizen
1446991053;1;2006;Heizen
1446991191;1;2028;Isoliertür offen
1446991233;1;2021;Heizen
1446991235;1;2006;Heizen
1446998337;1;2007;Glutabbrand
1446998459;1;2012;Bereit
1447169396;1;2025;Isoliertür offen
1447169764;1;2026;Anheizen
1447169765;1;2021;Heizen
1447173366;1;2006;Heizen
1447194190;1;2007;Glutabbrand
1447194312;1;2012;Bereit
1447314862;1;2025;Isoliertür offen
1447315619;1;2026;Anheizen
1447315620;1;2021;Heizen
1447319222;1;2006;Heizen
1447338886;1;2007;Glutabbrand
1447339008;1;2012;Bereit
1447413818;1;2025;Isoliertür offen
1447414130;1;2026;Anheizen
1447414131;1;2021;Heizen
1447417733;1;2006;Heizen
1447435177;1;2028;Isoliertür offen
1447435185;1;2021;Heizen
1447435187;1;2006;Heizen
1447443442;1;2007;Glutabbrand
1447443564;1;2012;Bereit
1447577474;1;2025;Isoliertür offen
1447577832;1;2026;Anheizen
1447577833;1;2021;Heizen
1447581436;1;2006;Heizen
1447605641;1;2007;Glutabbrand
1447605763;1;2012;Bereit
1447737906;1;2025;Isoliertür offen
1447738340;1;2026;Anheizen
1447738341;1;2021;Heizen
1447741943;1;2006;Heizen
1447755826;1;2028;Isoliertür offen
1447755863;1;2021;Heizen
1447755865;1;2006;Heizen
1447755878;1;2028;Isoliertür offen
1447755907;1;2021;Heizen
1447755909;1;2006;Heizen
1447760481;1;2028;Isoliertür offen
1447760523;1;2021;Heizen
1447760525;1;2006;Heizen
1447767498;1;2007;Glutabbrand
1447767620;1;2012;Bereit
1447919746;1;2025;Isoliertür offen
1447920623;1;2026;Anheizen
1447920624;1;2021;Heizen
1447924226;1;2006;Heizen
1447930299;1;2028;Isoliertür offen
1447930342;1;2021;Heizen
1447930344;1;2006;Heizen
1447932066;1;2028;Isoliertür offen
1447932098;1;2021;Heizen
1447932100;1;2006;Heizen
1447937465;1;2028;Isoliertür offen
1447937525;1;2021;Heizen
1447937527;1;2006;Heizen
1447947998;1;2007;Glutabbrand
1447948121;1;2012;Bereit
1448093483;1;2025;Isoliertür offen
1448094353;1;2026;Anheizen
1448094354;1;2021;Heizen
1448097956;1;2006;Heizen
1448116345;1;2028;Isoliertür offen
1448116411;1;2021;Heizen
1448116413;1;2006;Heizen
1448122408;1;2028;Isoliertür offen
1448122439;1;2021;Heizen
1448122441;1;2006;Heizen
1448125130;1;2028;Isoliertür offen
1448125190;1;2021;Heizen
1448125192;1;2006;Heizen
1448125202;1;2028;Isoliertür offen
1448125203;1;2021;Heizen
1448125205;1;2006;Heizen
1448128673;1;2007;Glutabbrand
1448128795;1;2012;Bereit
1448209534;1;2025;Isoliertür offen
1448210058;1;2026;Anheizen
1448210059;1;2021;Heizen
1448213660;1;2006;Heizen
1448234502;1;2007;Glutabbrand
1448234624;1;2012;Bereit
1448295896;1;2025;Isoliertür offen
1448296189;1;2026;Anheizen
1448296190;1;2021;Heizen
1448299792;1;2006;Heizen
1448321262;1;2007;Glutabbrand
1448321384;1;2012;Bereit
1448376736;1;2025;Isoliertür offen
1448376922;1;2026;Anheizen
1448376923;1;2021;Heizen
1448380525;1;2006;Heizen
1448400759;1;2028;Isoliertür offen
1448400783;1;2021;Heizen
1448400785;1;2006;Heizen
1448404577;1;2007;Glutabbrand
1448404699;1;2012;Bereit
1448476099;1;2025;Isoliertür offen
1448476343;1;2026;Anheizen
1448476344;1;2021;Heizen
1448479946;1;2006;Heizen
1448501542;1;2007;Glutabbrand
1448501664;1;2012;Bereit
1448565206;1;2025;Isoliertür offen
1448565574;1;2026;Anheizen
1448565575;1;2021;Heizen
1448569178;1;2006;Heizen
1448593870;1;2007;Glutabbrand
1448593992;1;2012;Bereit
1448696859;1;2025;Isoliertür offen
1448697113;1;2026;Anheizen
1448697114;1;2021;Heizen
1448700716;1;2006;Heizen
1448716894;1;2028;Isoliertür offen
1448716917;1;2021;Heizen
1448716919;1;2006;Heizen
1448720599;1;2028;Isoliertür offen
1448720643;1;2021;Heizen
1448720645;1;2006;Heizen
1448720661;1;2028;Isoliertür offen
1448720672;1;2021;Heizen
1448720674;1;2006;Heizen
1448726364;1;2028;Isoliertür offen
1448726393;1;2021;Heizen
1448726395;1;2006;Heizen
1448729050;1;2007;Glutabbrand
1448729172;1;2012;Bereit
1448795942;1;2025;Isoliertür offen
1448795946;1;2026;Anheizen
1448795947;1;2025;Isoliertür offen
1448797082;1;2026;Anheizen
1448797083;1;2021;Heizen
1448800685;1;2006;Heizen
1448823483;1;2007;Glutabbrand
1448823605;1;2012;Bereit
1448899914;1;2025;Isoliertür offen
1448900135;1;2026;Anheizen
1448900136;1;2021;Heizen
1448903738;1;2006;Heizen
1448910007;1;2028;Isoliertür offen
1448910018;1;2021;Heizen
1448910020;1;2006;Heizen
1448921911;1;2028;Isoliertür offen
1448921935;1;2021;Heizen
1448921937;1;2006;Heizen
1448924981;1;2007;Glutabbrand
1448925103;1;2012;Bereit
1448970146;1;2025;Isoliertür offen
1448970147;1;2026;Anheizen
1448970151;1;2012;Bereit
1449042693;1;2025;Isoliertür offen
1449042950;1;2026;Anheizen
1449042951;1;2021;Heizen
1449046553;1;2006;Heizen
1449048859;1;2028;Isoliertür offen
1449048905;1;2021;Heizen
1449048907;1;2006;Heizen
1449051809;1;2028;Isoliertür offen
1449051817;1;2021;Heizen
1449051819;1;2006;Heizen
1449058022;1;2028;Isoliertür offen
1449058039;1;2021;Heizen
1449058041;1;2006;Heizen
1449062988;1;2028;Isoliertür offen
1449062999;1;2021;Heizen
1449063001;1;2006;Heizen
1449063003;1;2028;Isoliertür offen
1449063026;1;2021;Heizen
1449063028;1;2006;Heizen
1449070048;1;2007;Glutabbrand
1449070171;1;2012;Bereit
1449144479;1;2025;Isoliertür offen
1449144883;1;2026;Anheizen
1449144884;1;2025;Isoliertür offen
1449144885;1;2026;Anheizen
1449144886;1;2021;Heizen
1449148488;1;2006;Heizen
1449170579;1;2007;Glutabbrand
1449170701;1;2012;Bereit
1449231180;1;2025;Isoliertür offen
1449231439;1;2026;Anheizen
1449231440;1;2021;Heizen
1449235042;1;2006;Heizen
1449257273;1;2028;Isoliertür offen
1449257333;1;2021;Heizen
1449257335;1;2006;Heizen
1449260476;1;2007;Glutabbrand
1449260598;1;2012;Bereit
1449322944;1;2025;Isoliertür offen
1449322947;1;2026;Anheizen
1449322950;1;2012;Bereit
1449323088;1;2025;Isoliertür offen
1449323833;1;2026;Anheizen
1449323836;1;2012;Bereit
1449336764;1;2025;Isoliertür offen
1449336807;1;2026;Anheizen
1449336808;1;2025;Isoliertür offen
1449337198;1;2026;Anheizen
1449337199;1;2021;Heizen
1449340801;1;2006;Heizen
1449355628;1;2028;Isoliertür offen
1449355688;1;2021;Heizen
1449355690;1;2006;Heizen
1449360066;1;2007;Glutabbrand
1449360188;1;2012;Bereit
1449427944;1;2025;Isoliertür offen
1449428199;1;2026;Anheizen
1449428204;1;2021;Heizen
1449431806;1;2006;Heizen
1449452247;1;2007;Glutabbrand
1449452369;1;2012;Bereit
1449550237;1;2025;Isoliertür offen
1449550580;1;2026;Anheizen
1449550581;1;2021;Heizen
1449554183;1;2006;Heizen
1449566257;1;2028;Isoliertür offen
1449566292;1;2021;Heizen
1449566294;1;2006;Heizen
1449571478;1;2028;Isoliertür offen
1449571523;1;2021;Heizen
1449571525;1;2006;Heizen
1449572760;1;2028;Isoliertür offen
1449572814;1;2021;Heizen
1449572816;1;2006;Heizen
1449582710;1;2007;Glutabbrand
1449582832;1;2012;Bereit
1449671208;1;2025;Isoliertür offen
1449671420;1;2026;Anheizen
1449671421;1;2021;Heizen
1449675022;1;2006;Heizen
1449695402;1;2028;Isoliertür offen
1449695438;1;2021;Heizen
1449695440;1;2006;Heizen
1449699044;1;2007;Glutabbrand
1449699166;1;2012;Bereit
1449760936;1;2025;Isoliertür offen
1449761227;1;2026;Anheizen
1449761233;1;2021;Heizen
1449762154;1;2028;Isoliertür offen
1449762222;1;2021;Heizen
1449763047;1;2028;Isoliertür offen
1449763076;1;2021;Heizen
1449764934;1;2006;Heizen
1449767508;1;2028;Isoliertür offen
1449767520;1;2021;Heizen
1449767522;1;2006;Heizen
1449769108;1;2028;Isoliertür offen
1449769109;1;2021;Heizen
1449769110;1;2028;Isoliertür offen
1449769111;1;2021;Heizen
1449769113;1;2006;Heizen
1449773035;1;2028;Isoliertür offen
1449773042;1;2021;Heizen
1449773044;1;2006;Heizen
1449783679;1;2028;Isoliertür offen
1449783762;1;2021;Heizen
1449783764;1;2006;Heizen
1449795633;1;2007;Glutabbrand
1449795755;1;2012;Bereit
1449910598;1;2025;Isoliertür offen
1449910599;1;2026;Anheizen
1449910600;1;2025;Isoliertür offen
1449910602;1;2026;Anheizen
1449910646;1;2012;Bereit
1449910763;1;2025;Isoliertür offen
1449911423;1;2026;Anheizen
1449911424;1;2021;Heizen
1449915027;1;2006;Heizen
1449925779;1;2028;Isoliertür offen
1449925780;1;2021;Heizen
1449925782;1;2006;Heizen
1449929628;1;2028;Isoliertür offen
1449929630;1;2021;Heizen
1449929631;1;2028;Isoliertür offen
1449929632;1;2021;Heizen
1449929634;1;2006;Heizen
1449929638;1;2028;Isoliertür offen
1449929640;1;2021;Heizen
1449929642;1;2028;Isoliertür offen
1449929643;1;2021;Heizen
1449929644;1;2006;Heizen
1449930355;1;2028;Isoliertür offen
1449930367;1;2021;Heizen
1449930368;1;2028;Isoliertür offen
1449930369;1;2021;Heizen
1449930371;1;2006;Heizen
1449934291;1;2028;Isoliertür offen
1449934326;1;2021;Heizen
1449934327;1;2028;Isoliertür offen
1449934329;1;2021;Heizen
1449934330;1;2028;Isoliertür offen
1449934331;1;2021;Heizen
1449934333;1;2006;Heizen
1449941145;1;2007;Glutabbrand
1449941267;1;2012;Bereit
1450019985;1;2025;Isoliertür offen
1450020283;1;2026;Anheizen
1450020284;1;2021;Heizen
1450020291;1;2028;Isoliertür offen
1450020293;1;2021;Heizen
1450023889;1;2006;Heizen
1450043733;1;2007;Glutabbrand
1450043855;1;2012;Bereit
1450105387;1;2025;Isoliertür offen
1450105808;1;2026;Anheizen
1450105816;1;2021;Heizen
1450109417;1;2006;Heizen
1450114719;1;2028;Isoliertür offen
1450114751;1;2021;Heizen
1450114752;1;2028;Isoliertür offen
1450114753;1;2021;Heizen
1450114755;1;2006;Heizen
1450114907;1;2028;Isoliertür offen
1450114929;1;2021;Heizen
1450114931;1;2006;Heizen
1450115539;1;2028;Isoliertür offen
1450115546;1;2021;Heizen
1450115547;1;2028;Isoliertür offen
1450115549;1;2021;Heizen
1450115551;1;2006;Heizen
1450130457;1;2007;Glutabbrand
1450130580;1;2012;Bereit
1450198225;1;2025;Isoliertür offen
1450198606;1;2026;Anheizen
1450198607;1;2021;Heizen
1450202209;1;2006;Heizen
1450215023;1;2028;Isoliertür offen
1450215026;1;2021;Heizen
1450215028;1;2006;Heizen
1450215157;1;2028;Isoliertür offen
1450215165;1;2021;Heizen
1450215167;1;2006;Heizen
1450226160;1;2007;Glutabbrand
1450226282;1;2012;Bereit
1450333427;1;2025;Isoliertür offen
1450333428;1;2026;Anheizen
1450333432;1;2012;Bereit
1450333814;1;2025;Isoliertür offen
1450333886;1;2026;Anheizen
1450333919;1;2021;Heizen
1450335492;1;2028;Isoliertür offen
1450335493;1;2021;Heizen
1450337522;1;2006;Heizen
1450356512;1;2007;Glutabbrand
1450356634;1;2012;Bereit
1450456241;1;2016;Störung
1450456268;1;2012;Bereit
1450457389;1;2025;Isoliertür offen
1450457390;1;2012;Bereit
1450457401;1;2025;Isoliertür offen
1450457403;1;2026;Anheizen
1450457448;1;2012;Bereit
1450457509;1;2025;Isoliertür offen
1450457557;1;2026;Anheizen
1450457567;1;2012;Bereit
1450457734;1;2025;Isoliertür offen
1450457737;1;2026;Anheizen
1450457741;1;2025;Isoliertür offen
1450457756;1;2012;Bereit
1450465023;1;2005;Zünden
1450465474;1;2021;Heizen
1450465824;1;2028;Isoliertür offen
1450465947;1;2021;Heizen
1450469200;1;2006;Heizen
1450485400;1;2007;Glutabbrand
1450489002;1;2012;Bereit
1450578154;1;2005;Zünden
1450578724;1;2021;Heizen
1450582326;1;2006;Heizen
1450598747;1;2028;Isoliertür offen
1450598801;1;2021;Heizen
1450598803;1;2006;Heizen
1450601884;1;2028;Isoliertür offen
1450601953;1;2021;Heizen
1450601955;1;2006;Heizen
1450605350;1;2007;Glutabbrand
1450608052;1;2012;Bereit
1450703162;1;2025;Isoliertür offen
1450703469;1;2012;Bereit
1450703484;1;2025;Isoliertür offen
1450703486;1;2026;Anheizen
1450704159;1;2025;Isoliertür offen
1450704191;1;2026;Anheizen
1450704314;1;2025;Isoliertür offen
1450704357;1;2026;Anheizen
1450704409;1;2025;Isoliertür offen
1450704484;1;2026;Anheizen
1450704487;1;2021;Heizen
1450704800;1;2007;Glutabbrand
1450704922;1;2012;Bereit
1450708539;1;2025;Isoliertür offen
1450708767;1;2026;Anheizen
1450708983;1;2021;Heizen
1450712585;1;2006;Heizen
1450718403;1;2028;Isoliertür offen
1450718434;1;2021;Heizen
1450718436;1;2006;Heizen
1450725144;1;2028;Isoliertür offen
1450725191;1;2021;Heizen
1450725193;1;2006;Heizen
1450739068;1;2007;Glutabbrand
1450739190;1;2012;Bereit
1450851489;1;2005;Zünden
1450851786;1;2021;Heizen
1450855388;1;2006;Heizen
1450868211;1;2028;Isoliertür offen
1450868233;1;2021;Heizen
1450868235;1;2006;Heizen
1450869774;1;2028;Isoliertür offen
1450869796;1;2021;Heizen
1450869798;1;2006;Heizen
1450877493;1;2028;Isoliertür offen
1450877501;1;2021;Heizen
1450877503;1;2006;Heizen
1450881815;1;2007;Glutabbrand
1450882418;1;2012;Bereit
1450908908;1;2025;Isoliertür offen
1450908909;1;2012;Bereit
1450982715;1;2005;Zünden
1450983019;1;2021;Heizen
1450986621;1;2006;Heizen
1450986931;1;2028;Isoliertür offen
1450987024;1;2021;Heizen
1450987026;1;2006;Heizen
1451009627;1;2007;Glutabbrand
1451010229;1;2012;Bereit
1451119633;1;2025;Isoliertür offen
1451119669;1;2012;Bereit
1451119714;1;2025;Isoliertür offen
1451120147;1;2026;Anheizen
1451120148;1;2021;Heizen
1451123751;1;2006;Heizen
1451145362;1;2007;Glutabbrand
1451145484;1;2012;Bereit
1451213098;1;2025;Isoliertür offen
1451213910;1;2026;Anheizen
1451213911;1;2021;Heizen
1451217513;1;2006;Heizen
1451240298;1;2007;Glutabbrand
1451240420;1;2012;Bereit
1451307884;1;2025;Isoliertür offen
1451308367;1;2026;Anheizen
1451308371;1;2012;Bereit
1451309974;1;2025;Isoliertür offen
1451310373;1;2026;Anheizen
1451310435;1;2021;Heizen
1451316561;1;2006;Heizen
1451336377;1;2007;Glutabbrand
1451337579;1;2012;Bereit
1451396144;1;2005;Zünden
1451396545;1;2021;Heizen
1451397539;1;2028;Isoliertür offen
1451397545;1;2021;Heizen
1451400154;1;2006;Heizen
1451412305;1;2028;Isoliertür offen
1451412307;1;2021;Heizen
1451412309;1;2006;Heizen
1451423308;1;2007;Glutabbrand
1451424510;1;2012;Bereit
1451493737;1;2025;Isoliertür offen
1451494770;1;2026;Anheizen
1451494771;1;2021;Heizen
1451498373;1;2006;Heizen
1451511940;1;2028;Isoliertür offen
1451511943;1;2021;Heizen
1451511945;1;2006;Heizen
1451519479;1;2007;Glutabbrand
1451519601;1;2012;Bereit
1451551695;1;2012;Bereit
1451577931;1;2025;Isoliertür offen
1451578909;1;2026;Anheizen
1451578910;1;2021;Heizen
1451582513;1;2006;Heizen
1451609052;1;2007;Glutabbrand
1451609174;1;2012;Bereit
1451660937;1;2025;Isoliertür offen
1451660993;1;2012;Bereit
1451696634;1;2005;Zünden
1451697077;1;2021;Heizen
1451700679;1;2006;Heizen
1451724393;1;2007;Glutabbrand
1451725596;1;2012;Bereit
1451806725;1;2005;Zünden
1451807024;1;2021;Heizen
1451809006;1;2028;Isoliertür offen
1451809040;1;2021;Heizen
1451809167;1;2028;Isoliertür offen
1451809215;1;2021;Heizen
1451810710;1;2006;Heizen
1451833762;1;2028;Isoliertür offen
1451833786;1;2021;Heizen
1451833788;1;2006;Heizen
1451834555;1;2028;Isoliertür offen
1451834639;1;2021;Heizen
1451834641;1;2006;Heizen
1451835344;1;2028;Isoliertür offen
1451835362;1;2021;Heizen
1451835364;1;2006;Heizen
1451842515;1;2007;Glutabbrand
1451843717;1;2012;Bereit
1451917826;1;2025;Isoliertür offen
1451918804;1;2012;Bereit
1451918818;1;2025;Isoliertür offen
1451918819;1;2026;Anheizen
1451918820;1;2021;Heizen
1451919125;1;2007;Glutabbrand
1451919214;1;2028;Isoliertür offen
1451919271;1;2021;Heizen
1451919567;1;2028;Isoliertür offen
1451920017;1;2021;Heizen
1451923325;1;2006;Heizen
1451947369;1;2007;Glutabbrand
1451948571;1;2012;Bereit
1452014145;1;2025;Isoliertür offen
1452014865;1;2026;Anheizen
1452014866;1;2021;Heizen
1452018468;1;2006;Heizen
1452043230;1;2007;Glutabbrand
1452043352;1;2012;Bereit
1452120358;1;2005;Zünden
1452120867;1;2021;Heizen
1452124469;1;2006;Heizen
1452148692;1;2028;Isoliertür offen
1452148714;1;2021;Heizen
1452148716;1;2006;Heizen
1452151258;1;2007;Glutabbrand
1452152459;1;2012;Bereit
1452234012;1;2005;Zünden
1452234294;1;2021;Heizen
1452237896;1;2006;Heizen
1452258960;1;2028;Isoliertür offen
1452259030;1;2021;Heizen
1452259032;1;2006;Heizen
1452261076;1;2028;Isoliertür offen
1452261100;1;2021;Heizen
1452261102;1;2006;Heizen
1452264670;1;2028;Isoliertür offen
1452264700;1;2021;Heizen
1452264702;1;2006;Heizen
1452267961;1;2007;Glutabbrand
1452268084;1;2012;Bereit
1452348101;1;2025;Isoliertür offen
1452349135;1;2026;Anheizen
1452349136;1;2021;Heizen
1452350371;1;2028;Isoliertür offen
1452350404;1;2021;Heizen
1452350965;1;2028;Isoliertür offen
1452350987;1;2021;Heizen
1452352795;1;2006;Heizen
1452376987;1;2007;Glutabbrand
1452377109;1;2012;Bereit
1452459050;1;2005;Zünden
1452459460;1;2021;Heizen
1452463061;1;2006;Heizen
1452486233;1;2007;Glutabbrand
1452486355;1;2012;Bereit
1452578486;1;2005;Zünden
1452578663;1;2021;Heizen
1452582265;1;2006;Heizen
1452596725;1;2028;Isoliertür offen
1452596742;1;2021;Heizen
1452596744;1;2006;Heizen
1452596766;1;2028;Isoliertür offen
1452596793;1;2021;Heizen
1452596795;1;2006;Heizen
1452603167;1;2028;Isoliertür offen
1452603196;1;2021;Heizen
1452603198;1;2006;Heizen
1452608880;1;2007;Glutabbrand
1452609002;1;2012;Bereit
1452676188;1;2012;Bereit
1452676483;1;2012;Bereit
1452677215;1;2025;Isoliertür offen
1452677222;1;2012;Bereit
1452682343;1;2025;Isoliertür offen
1452682637;1;2012;Bereit
1452682651;1;2025;Isoliertür offen
1452682653;1;2026;Anheizen
1452682654;1;2021;Heizen
1452686256;1;2006;Heizen
1452707497;1;2007;Glutabbrand
1452707619;1;2012;Bereit
1452769536;1;2025;Isoliertür offen
1452769553;1;2026;Anheizen
1452769561;1;2012;Bereit
1452770221;1;2025;Isoliertür offen
1452770458;1;2026;Anheizen
1452770459;1;2025;Isoliertür offen
1452770480;1;2026;Anheizen
1452770481;1;2021;Heizen
1452774083;1;2006;Heizen
1452792984;1;2007;Glutabbrand
1452793106;1;2012;Bereit
1452855061;1;2025;Isoliertür offen
1452855628;1;2026;Anheizen
1452855629;1;2021;Heizen
1452857977;1;2028;Isoliertür offen
1452857982;1;2021;Heizen
1452858061;1;2028;Isoliertür offen
1452858064;1;2021;Heizen
